Suhu_C,Kelembaban_persen,Tekanan_Udara_hPa,Kecepatan_Angin_kmjam,Arah_Angin_derajat,Curah_Hujan_mm,Kondisi_Cuaca
19.5,70,1010.3,17.6,247,0.0,Cerah
22.6,68,1006.2,7.9,198,0.0,Cerah
31.6,74,1004.7,8.9,223,0.0,Cerah
17.4,74,1006.1,4.5,51,0.0,Cerah
23.7,90,1011.5,11.8,246,2.6,Berawan
31.8,97,1009.0,4.0,203,1.8,Berawan
19.2,91,1010.3,22.6,322,3.8,Berawan
30.6,61,1009.8,21.4,110,3.8,Berawan
24.9,65,1007.4,13.7,55,0.0,Cerah
28.5,68,1009.9,26.9,1,3.9,Berawan
20.8,61,1011.7,29.2,200,3.1,Berawan
22.4,66,1012.9,12.8,48,0.0,Cerah
20.7,86,1004.2,28.2,22,37.4,Hujan
30.3,80,1008.5,27.3,29,3.3,Berawan
16.8,85,1007.9,28.8,104,0.3,Berawan
23.1,65,1011.6,19.6,275,2.7,Berawan
25.0,98,1009.1,17.0,30,3.4,Berawan
21.8,67,1006.8,4.1,217,0.0,Cerah
27.1,56,1012.9,10.8,98,0.0,Cerah
30.8,93,1009.6,16.7,81,1.7,Berawan
16.5,82,1008.9,8.6,280,3.2,Berawan
17.9,59,1008.1,11.9,7,0.0,Cerah
19.7,91,1006.9,12.5,187,49.6,Hujan
26.3,64,1005.0,25.1,213,3.6,Berawan
19.8,71,1011.4,6.3,207,0.0,Cerah
31.5,68,1010.7,13.7,165,0.0,Cerah
18.4,93,1009.4,28.2,145,1.7,Berawan
16.8,93,1008.2,22.1,213,3.5,Berawan
23.5,76,1012.6,19.3,296,2.8,Berawan
26.9,88,1005.1,6.7,246,3.8,Berawan
30.1,70,1004.6,4.7,84,0.0,Cerah
26.9,84,1007.3,6.6,311,2.1,Berawan
24.3,81,1007.6,9.2,36,0.5,Berawan
23.5,86,1006.1,23.4,313,39.1,Hujan
20.1,62,1009.8,17.2,202,0.0,Cerah
24.1,71,1010.9,8.5,64,0.0,Cerah
25.2,93,1013.0,18.9,171,0.6,Berawan
23.8,95,1004.3,8.5,106,23.7,Hujan
19.3,75,1010.4,22.8,359,3.9,Berawan
23.2,87,1008.2,28.6,191,3.2,Berawan
31.0,89,1010.8,22.7,157,4.2,Berawan
21.0,73,1005.7,24.1,317,4.5,Berawan
16.4,79,1010.0,12.0,243,4.6,Berawan
20.0,83,1010.5,6.7,28,0.1,Berawan
19.4,57,1006.8,6.3,129,0.0,Cerah
19.2,76,1005.8,20.5,70,0.6,Berawan
26.7,93,1007.1,14.2,146,2.8,Berawan
27.9,60,1005.7,29.6,193,1.0,Berawan
29.7,56,1009.4,24.6,4,3.5,Berawan
17.3,86,1006.0,11.8,107,22.6,Hujan
18.7,70,1012.9,6.6,203,0.0,Cerah
31.6,58,1007.0,6.8,79,0.0,Cerah
16.0,91,1011.6,15.9,37,0.2,Berawan
23.3,88,1005.1,3.4,63,37.1,Hujan
16.8,97,1009.2,24.4,346,3.0,Berawan
26.4,69,1008.7,19.4,230,2.4,Berawan
31.9,65,1005.9,25.5,53,3.9,Berawan
23.4,70,1005.9,17.9,273,0.0,Cerah
22.0,70,1010.6,24.1,55,2.0,Berawan
26.6,78,1008.4,10.9,217,3.7,Berawan
26.8,86,1004.6,6.1,142,4.5,Berawan
25.6,73,1007.0,9.8,43,0.0,Cerah
25.4,74,1007.4,24.1,227,1.8,Berawan
17.5,69,1005.0,23.7,102,4.6,Berawan
32.0,74,1005.9,8.2,313,0.0,Cerah
26.2,86,1012.5,13.6,203,3.4,Berawan
19.8,82,1004.1,19.5,34,2.0,Berawan
30.6,80,1009.7,20.1,214,1.1,Berawan
18.7,56,1004.1,29.8,311,4.2,Berawan
21.5,75,1005.6,17.2,218,0.0,Cerah
24.5,56,1006.8,24.5,103,4.7,Berawan
21.9,78,1005.5,8.4,219,1.9,Berawan
24.1,90,1004.1,23.0,64,3.1,Berawan
23.5,96,1004.5,15.4,162,28.3,Hujan
20.3,55,1007.9,18.9,57,4.2,Berawan
27.3,71,1005.6,21.6,126,1.4,Berawan
17.7,55,1012.0,19.0,212,2.2,Berawan
18.7,77,1008.0,17.1,100,0.3,Berawan
29.1,84,1010.7,18.1,266,2.3,Berawan
28.0,87,1004.4,7.8,33,2.6,Berawan
20.5,56,1011.3,17.2,15,0.0,Cerah
29.7,61,1005.1,22.7,14,2.8,Berawan
27.8,88,1011.0,3.3,339,4.4,Berawan
30.6,74,1009.1,7.5,181,0.0,Cerah
20.5,65,1011.7,20.0,306,4.0,Berawan
18.7,85,1011.8,25.7,271,0.8,Berawan
19.7,88,1010.9,27.3,356,3.3,Berawan
29.1,85,1010.4,28.8,25,3.7,Berawan
29.6,70,1011.5,12.2,211,0.0,Cerah
17.5,87,1007.3,6.4,111,39.6,Hujan
25.6,81,1008.8,19.9,255,1.9,Berawan
31.4,77,1006.2,22.2,338,3.4,Berawan
27.5,87,1006.1,17.6,268,2.0,Berawan
16.9,90,1006.7,21.6,181,15.2,Hujan
25.6,82,1009.9,4.1,55,3.9,Berawan
31.6,70,1006.0,23.7,339,4.2,Berawan
30.8,79,1011.1,25.5,176,2.1,Berawan
25.8,58,1007.8,13.0,134,0.0,Cerah
30.2,60,1008.0,17.6,215,0.0,Cerah
19.2,81,1010.1,11.3,235,4.8,Berawan
30.9,68,1007.8,19.2,19,1.5,Berawan
20.9,76,1008.5,26.6,252,0.5,Berawan
30.9,95,1011.5,5.4,341,4.3,Berawan
22.9,83,1011.0,7.6,26,2.8,Berawan
21.2,70,1005.6,26.6,196,3.9,Berawan
26.3,77,1005.7,29.8,26,2.8,Berawan
26.2,72,1007.8,27.4,118,4.6,Berawan
26.6,69,1004.7,27.4,264,0.5,Berawan
25.5,85,1006.2,4.2,240,0.5,Berawan
23.5,82,1004.6,29.2,146,0.2,Berawan
30.7,85,1008.5,6.5,183,1.9,Berawan
27.0,75,1012.5,23.4,295,4.6,Berawan
22.8,93,1011.2,8.9,265,2.1,Berawan
27.3,63,1005.8,27.8,78,1.0,Berawan
31.1,65,1006.5,16.9,319,0.0,Cerah
16.9,93,1010.6,18.6,7,3.2,Berawan
22.4,62,1004.8,17.8,231,0.0,Cerah
18.5,92,1010.8,29.6,289,3.7,Berawan
31.0,58,1010.1,8.8,9,0.0,Cerah
27.1,58,1010.1,25.0,201,3.5,Berawan
27.2,73,1008.0,18.6,129,0.7,Berawan
25.3,87,1005.0,15.0,110,4.8,Berawan
17.1,59,1009.8,21.1,131,3.6,Berawan
31.1,96,1008.4,7.0,230,2.9,Berawan
30.2,80,1011.2,10.6,62,4.4,Berawan
29.6,93,1008.1,15.0,26,3.6,Berawan
20.0,73,1009.6,9.1,4,0.0,Cerah
21.4,72,1006.3,25.3,85,4.6,Berawan
23.5,73,1007.7,13.6,93,0.0,Cerah
31.8,91,1009.9,9.7,355,0.5,Berawan
19.0,79,1012.6,29.4,203,0.9,Berawan
23.7,79,1008.2,26.2,85,2.7,Berawan
28.5,79,1012.9,14.1,330,0.4,Berawan
28.6,74,1007.4,5.8,12,0.0,Cerah
25.2,60,1007.3,17.1,327,0.0,Cerah
23.9,86,1012.6,5.3,231,2.0,Berawan
26.8,59,1008.8,8.0,188,0.0,Cerah
20.7,63,1009.6,24.8,271,3.7,Berawan
18.9,87,1011.8,13.5,31,1.1,Berawan
20.6,97,1012.8,5.9,226,4.2,Berawan
26.9,91,1010.4,8.0,94,4.5,Berawan
20.7,69,1008.5,13.8,237,0.0,Cerah
19.7,64,1012.6,6.8,113,0.0,Cerah
18.6,96,1012.6,24.2,269,4.2,Berawan
29.4,60,1012.6,17.8,51,0.0,Cerah
19.0,59,1009.6,12.7,124,0.0,Cerah
25.6,92,1007.4,10.8,57,4.5,Berawan
29.2,59,1006.8,12.4,30,0.0,Cerah
26.4,74,1005.7,24.2,126,0.5,Berawan
26.2,70,1004.9,8.6,46,0.0,Cerah
29.2,74,1012.5,24.2,224,2.6,Berawan
18.7,71,1006.9,5.9,202,0.0,Cerah
31.7,87,1011.6,21.6,15,1.4,Berawan
17.9,76,1010.6,7.0,165,4.6,Berawan
27.5,77,1004.2,16.0,17,1.5,Berawan
28.1,64,1005.2,19.8,256,4.3,Berawan
28.0,88,1006.6,23.1,252,1.8,Berawan
24.4,63,1004.9,24.3,82,3.8,Berawan
30.9,93,1004.4,20.9,76,0.1,Berawan
17.8,64,1006.1,6.7,85,0.0,Cerah
18.9,96,1011.6,10.8,44,0.8,Berawan
18.0,67,1005.8,23.0,297,3.7,Berawan
22.7,91,1004.3,19.8,137,18.3,Hujan
31.5,75,1009.8,29.9,209,0.2,Berawan
27.6,82,1008.7,29.9,275,2.9,Berawan
21.2,80,1011.6,26.1,125,2.1,Berawan
29.8,88,1007.0,22.2,334,0.1,Berawan
18.3,72,1012.0,29.0,119,3.6,Berawan
29.9,57,1009.4,14.1,207,0.0,Cerah
24.7,70,1005.2,17.8,341,0.0,Cerah
21.5,81,1004.4,14.0,246,3.9,Berawan
27.0,84,1011.5,4.3,166,3.0,Berawan
31.6,91,1010.7,15.1,188,2.4,Berawan
18.5,86,1009.2,15.3,77,4.8,Berawan
20.7,60,1012.8,25.4,339,3.3,Berawan
30.1,79,1004.2,5.8,156,1.0,Berawan
30.0,86,1011.2,3.4,187,1.2,Berawan
27.1,71,1007.0,23.2,100,4.4,Berawan
31.5,57,1009.8,29.0,315,1.5,Berawan
18.4,71,1008.2,6.4,218,0.0,Cerah
18.9,93,1004.8,3.8,65,18.0,Hujan
20.5,76,1005.8,12.7,28,3.3,Berawan
17.7,77,1004.9,5.4,146,3.0,Berawan
28.7,92,1010.5,10.0,339,2.6,Berawan
31.9,97,1006.3,11.6,233,4.6,Berawan
17.6,84,1012.2,25.2,146,2.8,Berawan
16.1,63,1011.7,6.0,259,0.0,Cerah
20.0,77,1010.6,18.2,14,3.0,Berawan
31.9,93,1005.4,9.4,282,2.0,Berawan
26.4,74,1009.6,11.9,262,0.0,Cerah
29.6,62,1012.0,19.0,279,1.6,Berawan
19.4,70,1005.4,23.5,331,3.5,Berawan
17.8,65,1011.6,19.2,20,3.3,Berawan
16.4,79,1008.2,10.3,170,3.2,Berawan
31.3,58,1008.6,23.8,217,4.3,Berawan
23.7,87,1004.6,19.3,110,13.4,Hujan
17.1,58,1006.4,26.7,289,0.7,Berawan
19.2,73,1008.2,20.6,211,4.8,Berawan
19.4,70,1008.2,11.7,283,0.0,Cerah
16.4,92,1006.4,7.8,215,46.7,Hujan
20.3,93,1007.0,28.5,265,28.7,Hujan
29.2,81,1008.2,15.4,125,1.4,Berawan
16.5,59,1008.3,7.1,125,0.0,Cerah
19.0,89,1010.6,7.5,340,4.6,Berawan
16.6,81,1004.5,6.3,356,3.8,Berawan
30.4,91,1007.7,20.4,222,1.5,Berawan
29.4,86,1009.2,9.7,122,1.2,Berawan
19.1,82,1004.6,21.3,189,3.3,Berawan
28.8,81,1009.1,25.9,196,2.9,Berawan
29.9,69,1010.1,7.8,108,0.0,Cerah
25.6,90,1010.7,18.0,131,3.4,Berawan
25.6,66,1006.2,10.9,324,0.0,Cerah
24.5,71,1012.2,29.2,139,3.3,Berawan
19.5,72,1012.1,29.4,336,0.7,Berawan
17.4,81,1007.6,30.0,239,3.3,Berawan
23.2,62,1007.3,13.2,133,0.0,Cerah
22.7,70,1004.4,8.5,157,0.0,Cerah
23.1,87,1010.9,4.2,39,4.6,Berawan
17.2,83,1005.2,25.1,274,0.5,Berawan
20.5,77,1010.4,19.1,181,4.5,Berawan
19.3,61,1008.6,21.0,336,4.2,Berawan
30.1,92,1011.5,5.4,291,2.9,Berawan
28.0,81,1009.1,4.4,212,1.6,Berawan
26.7,62,1004.6,29.9,7,2.6,Berawan
19.8,75,1009.3,11.2,190,3.2,Berawan
18.6,86,1004.3,24.3,159,46.6,Hujan
21.8,63,1008.5,27.2,249,0.2,Berawan
27.7,65,1006.0,20.8,251,3.1,Berawan
25.0,78,1009.1,11.0,358,0.1,Berawan
24.8,77,1008.5,18.9,52,0.9,Berawan
27.5,68,1007.4,24.4,335,4.4,Berawan
17.1,89,1011.2,23.1,80,1.9,Berawan
19.0,89,1004.6,25.1,323,11.1,Hujan
25.9,57,1008.7,18.6,322,0.4,Berawan
23.3,97,1008.0,13.8,190,2.3,Berawan
24.7,57,1012.3,27.0,111,2.7,Berawan
16.2,90,1009.4,22.0,73,0.3,Berawan
23.8,56,1010.5,29.2,113,0.4,Berawan
24.2,58,1012.5,13.4,198,0.0,Cerah
26.8,91,1008.1,28.8,254,0.6,Berawan
25.7,64,1007.7,4.9,121,0.0,Cerah
19.8,81,1009.6,12.9,164,0.8,Berawan
28.8,90,1006.6,22.2,105,2.4,Berawan
25.3,65,1004.9,21.4,72,3.9,Berawan
25.5,65,1012.9,27.0,196,1.6,Berawan
21.4,93,1008.9,27.4,223,4.6,Berawan
21.4,95,1009.8,23.7,86,2.6,Berawan
28.7,76,1004.6,21.7,205,3.5,Berawan
17.1,63,1006.0,17.1,241,0.0,Cerah
31.5,78,1009.3,26.4,31,4.0,Berawan
20.6,94,1008.0,11.2,278,1.6,Berawan
19.1,93,1005.5,8.5,105,13.6,Hujan
27.0,62,1011.5,23.8,309,1.5,Berawan
28.0,81,1005.4,9.9,262,4.5,Berawan
29.5,55,1009.2,26.9,26,0.1,Berawan
21.2,55,1006.9,28.5,138,2.4,Berawan
22.9,90,1005.6,15.1,112,33.6,Hujan
29.0,82,1006.2,22.9,223,3.4,Berawan
22.3,92,1007.5,26.7,271,31.0,Hujan
29.1,78,1007.9,19.0,247,0.9,Berawan
25.6,77,1004.3,3.0,258,1.6,Berawan
32.0,80,1006.8,4.8,93,4.7,Berawan
18.6,79,1004.2,23.0,315,3.6,Berawan
29.9,88,1011.2,14.4,143,2.2,Berawan
21.4,90,1004.4,24.7,224,24.2,Hujan
16.7,62,1007.9,11.8,203,0.0,Cerah
21.3,81,1009.2,6.4,180,0.4,Berawan
24.4,63,1007.0,19.4,52,0.6,Berawan
22.6,59,1009.3,11.2,340,0.0,Cerah
23.4,69,1004.9,5.1,4,0.0,Cerah
28.3,85,1012.8,23.5,309,2.4,Berawan
26.2,76,1012.3,18.7,282,1.8,Berawan
22.6,59,1012.1,9.4,216,0.0,Cerah
25.1,64,1007.2,8.4,102,0.0,Cerah
18.4,61,1005.6,3.1,187,0.0,Cerah
24.3,82,1008.4,11.2,105,4.8,Berawan
19.5,68,1004.1,17.1,174,0.0,Cerah
30.8,79,1011.0,6.4,42,1.4,Berawan
16.4,65,1005.2,24.7,316,1.5,Berawan
30.6,91,1011.6,6.2,263,0.8,Berawan
22.2,61,1012.0,26.7,352,2.5,Berawan
19.7,97,1008.6,22.9,102,3.4,Berawan
25.6,60,1005.8,17.5,214,0.0,Cerah
23.0,88,1013.0,5.4,167,4.1,Berawan
31.3,57,1006.4,19.9,135,1.3,Berawan
17.5,76,1007.3,3.5,338,2.0,Berawan
22.0,61,1008.3,10.1,203,0.0,Cerah
21.0,75,1010.7,5.7,175,2.8,Berawan
25.9,93,1011.7,6.3,269,1.1,Berawan
16.3,62,1005.9,19.7,164,0.4,Berawan
18.4,78,1011.1,20.4,180,2.4,Berawan
24.1,88,1010.4,9.2,190,4.3,Berawan
29.8,89,1010.3,24.2,106,3.0,Berawan
29.1,86,1008.7,15.9,168,1.0,Berawan
22.2,65,1007.7,25.3,227,4.6,Berawan
30.8,93,1011.0,6.8,4,1.8,Berawan
20.8,56,1008.2,18.3,213,1.2,Berawan
26.1,96,1012.2,23.0,154,2.3,Berawan
27.9,56,1005.6,11.8,123,0.0,Cerah
16.0,83,1009.1,21.9,198,4.5,Berawan
26.4,76,1008.3,7.3,254,2.3,Berawan
27.7,96,1008.0,24.4,326,2.9,Berawan
30.1,59,1006.3,25.5,246,3.3,Berawan
28.2,95,1004.2,7.0,107,4.0,Berawan
16.6,83,1007.9,4.7,343,3.3,Berawan
29.9,98,1006.6,3.0,116,3.7,Berawan
27.5,77,1012.6,7.5,11,3.9,Berawan
28.0,84,1009.4,14.1,310,4.4,Berawan
27.2,80,1004.3,16.8,34,0.2,Berawan
20.9,89,1011.2,25.4,16,0.3,Berawan
29.6,86,1010.5,25.3,193,1.5,Berawan
25.0,94,1006.7,14.9,7,4.0,Berawan
18.4,72,1010.5,17.8,74,0.0,Cerah
26.2,70,1005.7,18.1,189,4.1,Berawan
17.5,94,1011.4,16.0,101,4.5,Berawan
18.7,94,1004.7,10.0,113,28.1,Hujan
26.0,89,1010.8,15.8,307,4.5,Berawan
18.7,58,1004.1,28.6,136,4.5,Berawan
21.2,79,1007.6,19.0,190,3.2,Berawan
26.0,87,1009.0,29.7,312,2.9,Berawan
29.6,77,1012.9,11.9,182,3.2,Berawan
22.1,76,1012.7,23.9,157,1.7,Berawan
17.8,81,1012.3,8.1,344,0.3,Berawan
16.9,81,1007.4,21.2,137,2.8,Berawan
27.4,68,1009.1,7.6,209,0.0,Cerah
23.3,59,1012.7,28.7,130,3.9,Berawan
28.3,96,1006.3,22.8,88,2.8,Berawan
26.4,89,1006.0,21.9,306,1.0,Berawan
26.9,93,1011.5,5.0,101,2.5,Berawan
22.9,76,1012.0,19.1,302,0.6,Berawan
27.1,77,1004.6,27.0,222,2.9,Berawan
29.9,88,1009.8,4.7,74,3.9,Berawan
26.5,82,1010.9,19.1,166,2.5,Berawan
30.2,72,1010.9,9.1,134,0.0,Cerah
23.8,64,1009.2,19.3,103,3.5,Berawan
28.8,71,1008.3,15.3,134,0.0,Cerah
16.4,89,1012.6,29.9,333,1.9,Berawan
31.4,91,1010.9,13.3,249,0.3,Berawan
19.8,80,1012.8,12.3,271,4.1,Berawan
17.3,75,1007.1,26.3,131,4.7,Berawan
16.0,76,1004.7,10.4,234,3.4,Berawan
26.6,81,1008.9,18.6,83,4.2,Berawan
27.2,92,1010.9,15.8,261,4.3,Berawan
31.1,82,1011.7,21.3,140,3.3,Berawan
25.4,75,1006.8,20.2,40,0.4,Berawan
21.9,83,1005.5,24.0,147,4.6,Berawan
21.3,60,1011.7,21.0,67,1.6,Berawan
18.4,58,1008.7,22.6,3,0.1,Berawan
30.2,72,1012.0,3.6,142,0.0,Cerah
21.7,66,1005.3,25.9,334,4.5,Berawan
16.9,70,1008.2,6.7,87,0.0,Cerah
18.7,97,1009.6,10.0,49,2.2,Berawan
23.0,97,1010.5,27.0,285,1.2,Berawan
22.5,59,1007.0,21.4,77,0.4,Berawan
24.5,86,1005.8,15.5,272,1.5,Berawan
25.0,59,1006.5,18.4,257,3.9,Berawan
23.5,92,1004.6,17.6,120,46.0,Hujan
27.6,66,1004.4,27.6,298,4.0,Berawan
23.3,62,1004.0,17.1,54,0.0,Cerah
29.2,82,1004.4,4.5,48,0.3,Berawan
20.6,67,1005.1,24.9,19,4.4,Berawan
23.2,63,1006.3,3.4,120,0.0,Cerah
16.3,61,1009.7,23.7,254,2.0,Berawan
22.5,72,1010.0,14.9,16,0.0,Cerah
23.2,62,1006.8,9.3,214,0.0,Cerah
22.2,69,1012.4,20.3,248,2.1,Berawan
18.4,87,1011.2,3.7,354,4.8,Berawan
22.7,90,1009.0,11.3,185,0.9,Berawan
21.6,56,1007.0,28.2,68,4.5,Berawan
30.3,67,1011.7,8.5,356,0.0,Cerah
29.2,76,1006.8,8.2,356,3.9,Berawan
25.4,86,1011.8,6.6,152,2.4,Berawan
19.3,76,1009.8,3.1,310,3.5,Berawan
25.4,93,1012.4,22.4,55,4.1,Berawan
16.8,89,1008.8,11.5,113,1.1,Berawan
30.6,91,1009.6,3.8,352,1.6,Berawan
20.1,90,1008.1,7.2,309,2.6,Berawan
29.2,72,1010.9,11.7,3,0.0,Cerah
23.6,69,1008.2,22.9,345,2.9,Berawan
19.9,61,1006.1,15.2,174,0.0,Cerah
22.8,73,1006.9,24.3,286,3.2,Berawan
32.0,70,1005.1,7.6,120,0.0,Cerah
28.7,59,1012.8,6.2,182,0.0,Cerah
29.4,57,1005.2,28.0,353,0.4,Berawan
24.1,76,1011.3,18.4,342,0.5,Berawan
19.8,84,1011.0,26.3,45,1.7,Berawan
21.1,72,1004.6,20.6,144,2.1,Berawan
28.7,82,1012.2,18.0,140,2.4,Berawan
31.3,95,1009.2,21.5,353,0.1,Berawan
27.2,81,1007.7,18.7,78,2.3,Berawan
29.6,65,1005.8,13.7,194,0.0,Cerah
25.0,64,1007.5,5.4,312,0.0,Cerah
18.7,68,1007.6,25.6,38,1.5,Berawan
24.8,84,1010.2,15.1,159,0.3,Berawan
25.6,75,1011.7,25.1,180,2.4,Berawan
18.1,95,1012.5,22.7,287,0.9,Berawan
24.1,83,1004.1,24.2,178,0.1,Berawan
21.0,78,1012.1,24.3,350,2.4,Berawan
30.4,81,1004.0,22.3,152,1.9,Berawan
30.9,64,1008.5,13.7,296,0.0,Cerah
31.2,93,1012.1,20.9,174,1.3,Berawan
25.7,77,1011.9,23.2,222,4.4,Berawan
28.6,95,1010.8,9.3,99,0.8,Berawan
30.9,65,1013.0,21.6,208,1.2,Berawan
26.2,87,1009.4,9.9,156,0.8,Berawan
16.6,57,1008.0,20.6,271,1.1,Berawan
19.5,58,1005.8,10.1,158,0.0,Cerah
19.8,83,1005.6,18.7,101,1.9,Berawan
21.2,91,1010.2,16.7,266,0.7,Berawan
29.1,66,1005.1,9.2,259,0.0,Cerah
29.2,85,1008.1,7.8,221,0.3,Berawan
25.7,91,1009.7,7.8,309,3.0,Berawan
16.2,88,1005.9,26.3,344,17.9,Hujan
28.8,90,1012.4,19.3,216,1.7,Berawan
25.5,81,1009.9,23.2,200,3.2,Berawan
25.7,68,1005.6,19.3,279,3.9,Berawan
16.8,62,1010.5,12.7,357,0.0,Cerah
30.8,78,1007.1,18.0,152,0.8,Berawan
31.6,77,1008.1,22.5,208,0.8,Berawan
17.2,77,1005.6,13.0,333,1.5,Berawan
20.1,86,1009.7,10.5,321,3.4,Berawan
22.5,70,1007.9,8.2,0,0.0,Cerah
29.0,90,1005.3,4.1,18,1.1,Berawan
31.2,58,1005.6,12.5,306,0.0,Cerah
17.6,88,1010.3,6.5,234,2.1,Berawan
20.1,56,1007.9,3.6,81,0.0,Cerah
16.2,88,1004.7,29.8,140,22.3,Hujan
22.6,79,1006.6,12.2,328,4.5,Berawan
20.5,65,1009.2,5.0,235,0.0,Cerah
23.8,62,1007.6,25.9,237,2.2,Berawan
27.0,84,1011.7,25.1,328,0.2,Berawan
24.6,74,1008.2,23.2,137,0.4,Berawan
16.0,57,1011.2,13.1,274,0.0,Cerah
16.5,56,1009.6,29.0,283,4.8,Berawan
25.0,56,1004.9,21.7,272,2.7,Berawan
27.0,72,1005.5,10.5,290,0.0,Cerah
19.7,70,1006.2,26.4,165,0.8,Berawan
28.3,63,1009.9,17.0,188,0.0,Cerah
26.0,94,1011.3,3.5,215,3.6,Berawan
23.6,97,1007.0,24.8,163,25.2,Hujan
28.8,74,1006.6,7.7,284,0.0,Cerah
25.3,56,1012.0,9.0,336,0.0,Cerah
31.1,65,1012.1,10.7,115,0.0,Cerah
25.6,56,1005.8,10.0,30,0.0,Cerah
19.8,91,1008.9,24.4,55,3.4,Berawan
17.1,61,1010.8,20.7,103,0.6,Berawan
17.4,61,1009.1,13.5,43,0.0,Cerah
32.0,93,1004.9,4.6,244,1.2,Berawan
29.9,60,1004.4,18.6,202,0.6,Berawan
31.6,89,1011.0,22.2,39,1.2,Berawan
16.4,97,1008.9,6.1,158,4.4,Berawan
26.6,70,1007.1,3.8,290,0.0,Cerah
27.8,79,1010.9,3.6,284,3.3,Berawan
28.5,71,1008.0,20.5,264,4.9,Berawan
22.8,89,1005.4,25.6,351,14.3,Hujan
18.0,65,1005.1,27.7,0,3.1,Berawan
24.0,67,1010.8,25.9,359,2.9,Berawan
26.3,85,1011.8,17.3,215,4.1,Berawan
31.2,71,1004.4,22.6,135,3.3,Berawan
28.3,62,1007.5,22.2,188,3.4,Berawan
23.7,86,1011.2,20.4,293,1.1,Berawan
29.3,60,1010.9,28.2,307,2.4,Berawan
26.3,91,1009.6,15.1,332,3.8,Berawan
16.3,62,1006.9,27.8,127,3.9,Berawan
21.3,74,1012.1,14.5,25,0.0,Cerah
20.0,85,1009.6,3.3,282,4.9,Berawan
22.4,94,1012.2,22.8,82,1.8,Berawan
22.7,91,1012.8,5.7,17,4.5,Berawan
17.7,57,1005.1,24.2,249,1.8,Berawan
21.4,82,1012.7,24.2,276,3.6,Berawan
21.9,87,1011.6,16.3,42,0.6,Berawan
20.3,79,1007.2,29.6,16,4.3,Berawan
28.6,82,1010.9,23.0,18,0.2,Berawan
18.9,57,1011.4,21.7,7,4.4,Berawan
25.9,77,1010.6,11.1,299,0.9,Berawan
31.1,77,1011.3,12.8,248,2.8,Berawan
24.5,75,1007.3,16.8,173,0.0,Cerah
30.1,76,1010.0,23.1,74,0.7,Berawan
30.6,69,1012.7,14.2,31,0.0,Cerah
17.4,91,1007.2,26.9,91,47.8,Hujan
18.1,68,1010.3,8.9,189,0.0,Cerah
25.6,77,1009.8,29.9,239,4.2,Berawan
23.5,92,1005.3,25.3,15,49.6,Hujan
16.9,66,1012.1,20.6,330,3.3,Berawan
17.0,94,1004.3,17.3,294,48.9,Hujan
19.4,65,1011.4,14.0,350,0.0,Cerah
27.4,83,1006.1,15.9,30,4.3,Berawan
23.3,74,1012.9,8.0,21,0.0,Cerah
28.9,60,1006.2,12.2,302,0.0,Cerah
28.2,95,1009.9,3.5,327,3.6,Berawan
31.2,87,1012.0,24.9,40,2.4,Berawan
21.6,79,1005.9,5.7,317,0.4,Berawan
22.5,96,1008.1,20.4,345,1.3,Berawan
27.6,58,1008.8,18.3,191,3.7,Berawan
21.6,73,1004.6,9.9,39,0.0,Cerah
26.1,62,1008.7,25.7,53,2.5,Berawan
31.2,88,1004.5,29.0,198,0.2,Berawan
16.9,98,1007.3,29.2,237,28.2,Hujan
21.4,61,1011.2,6.7,204,0.0,Cerah
31.7,93,1006.6,20.8,7,2.4,Berawan
28.8,76,1007.4,7.4,90,2.8,Berawan
26.8,93,1006.4,6.0,293,4.7,Berawan
27.4,68,1010.8,17.8,345,0.0,Cerah
27.5,73,1005.2,19.2,97,3.7,Berawan
30.6,74,1011.1,26.3,312,3.1,Berawan
16.3,88,1009.6,13.3,184,0.3,Berawan
23.0,58,1007.3,17.7,235,0.0,Cerah
19.4,78,1008.4,12.8,306,3.9,Berawan
25.7,91,1012.1,6.0,273,2.1,Berawan
26.5,80,1011.9,19.5,218,3.8,Berawan
30.2,90,1008.3,22.9,308,3.2,Berawan
29.1,91,1007.5,5.8,334,4.7,Berawan
19.0,89,1011.1,24.4,91,3.8,Berawan
19.9,58,1004.9,23.7,193,2.6,Berawan
22.6,62,1007.6,26.9,49,2.8,Berawan
31.4,86,1009.8,18.7,149,1.2,Berawan
17.2,70,1008.5,13.9,26,0.0,Cerah
22.4,76,1007.7,22.4,167,2.3,Berawan
30.1,91,1012.3,29.5,308,1.0,Berawan
26.2,76,1012.2,10.0,271,4.2,Berawan
31.0,66,1006.1,26.7,267,1.9,Berawan
24.3,76,1007.7,4.7,147,2.6,Berawan
30.9,72,1010.4,4.1,290,0.0,Cerah
19.2,62,1011.7,25.2,244,1.7,Berawan
16.6,68,1012.9,28.2,186,4.8,Berawan
28.2,87,1008.7,14.2,298,4.2,Berawan
25.3,55,1007.4,27.4,24,0.6,Berawan
24.0,79,1010.5,5.8,308,3.5,Berawan
27.9,59,1006.9,17.4,93,0.0,Cerah
25.9,86,1005.7,25.9,243,1.4,Berawan
22.6,95,1009.6,14.3,195,2.9,Berawan
20.5,80,1005.7,25.3,270,0.8,Berawan
17.3,84,1008.0,20.9,43,2.8,Berawan
22.7,69,1009.6,26.6,320,2.6,Berawan
23.6,84,1006.7,26.1,124,3.1,Berawan
21.6,63,1009.6,13.6,46,0.0,Cerah
25.1,64,1011.8,17.5,91,0.0,Cerah
27.8,70,1012.9,5.4,61,0.0,Cerah
29.0,72,1005.1,21.2,180,3.9,Berawan
26.7,79,1012.9,6.7,322,4.5,Berawan
29.5,69,1009.7,3.8,224,0.0,Cerah
23.1,72,1012.4,20.6,30,4.7,Berawan
31.0,65,1004.3,29.8,184,1.3,Berawan
25.2,94,1007.8,25.2,169,1.0,Berawan
19.5,79,1008.2,20.7,178,2.2,Berawan
32.0,73,1008.3,19.0,271,4.1,Berawan
24.5,70,1011.0,14.6,148,0.0,Cerah
17.7,87,1006.7,17.1,340,15.7,Hujan
18.2,94,1006.1,6.4,84,23.3,Hujan
27.3,98,1006.5,4.8,259,0.7,Berawan
21.4,67,1009.0,22.7,280,2.6,Berawan
22.3,83,1010.9,23.2,80,1.6,Berawan
27.7,89,1012.2,13.1,233,1.7,Berawan
30.6,57,1005.9,22.9,331,2.8,Berawan
27.2,56,1009.9,27.7,339,4.8,Berawan
29.1,71,1011.5,5.6,56,0.0,Cerah
31.6,86,1006.6,4.6,22,4.5,Berawan
19.7,64,1009.4,6.1,106,0.0,Cerah
24.5,82,1005.6,23.7,18,0.7,Berawan
26.9,70,1008.0,20.6,258,2.4,Berawan
16.8,82,1005.1,10.3,299,4.5,Berawan
31.4,79,1005.5,26.2,170,4.3,Berawan
26.5,66,1009.9,24.9,71,4.8,Berawan
29.9,95,1012.8,6.4,292,3.9,Berawan
16.8,58,1005.2,28.0,275,4.1,Berawan
26.5,56,1007.4,25.9,157,1.2,Berawan
24.9,61,1006.9,12.1,40,0.0,Cerah
31.1,95,1011.1,28.9,6,3.8,Berawan
25.1,70,1012.1,7.6,105,0.0,Cerah
18.0,73,1010.1,18.8,187,0.3,Berawan
25.1,60,1008.6,12.8,288,0.0,Cerah
18.1,77,1012.3,22.3,207,1.9,Berawan
26.8,83,1006.7,15.3,142,0.7,Berawan
28.3,68,1005.8,5.5,121,0.0,Cerah
21.8,89,1012.6,25.4,333,2.4,Berawan
22.0,61,1011.4,16.4,312,0.0,Cerah
23.7,74,1009.5,22.7,76,0.2,Berawan
22.2,97,1012.1,11.2,104,2.4,Berawan
20.5,71,1008.6,12.3,82,0.0,Cerah
24.0,78,1005.6,26.8,126,4.0,Berawan
20.9,79,1006.4,24.6,68,1.1,Berawan
22.9,88,1008.3,19.9,227,1.2,Berawan
28.5,78,1011.0,10.1,297,2.8,Berawan
21.5,66,1011.7,18.3,299,0.8,Berawan
28.2,76,1004.5,14.8,17,0.8,Berawan
24.4,87,1004.6,13.2,339,3.4,Berawan
20.2,79,1007.5,26.1,52,2.0,Berawan
29.6,58,1008.6,29.9,293,3.3,Berawan
25.7,82,1008.6,4.3,215,4.5,Berawan
27.1,74,1010.1,10.0,209,0.0,Cerah
23.3,57,1012.1,21.2,177,2.0,Berawan
20.4,97,1009.0,20.6,308,0.1,Berawan
22.0,98,1004.1,5.7,10,17.1,Hujan
17.4,78,1011.3,14.9,108,0.3,Berawan
29.5,56,1009.2,7.6,59,0.0,Cerah
25.5,57,1010.6,5.3,7,0.0,Cerah
18.3,81,1012.1,22.6,26,2.4,Berawan
29.1,83,1009.6,9.3,286,2.6,Berawan
22.0,60,1011.7,14.6,333,0.0,Cerah
30.1,92,1004.6,4.8,229,1.5,Berawan
21.8,72,1009.6,24.1,105,2.8,Berawan
30.8,90,1007.6,19.7,150,4.7,Berawan
19.8,90,1005.4,9.0,90,25.8,Hujan
16.0,79,1006.7,7.6,333,2.5,Berawan
24.4,66,1011.3,8.8,128,0.0,Cerah
29.3,57,1012.0,3.3,57,0.0,Cerah
19.4,89,1005.5,7.1,46,22.4,Hujan
22.0,77,1007.5,25.6,220,4.1,Berawan
18.0,82,1010.6,27.5,342,0.6,Berawan
17.8,86,1010.3,27.8,144,2.0,Berawan
19.6,90,1007.0,20.8,277,30.7,Hujan
16.1,56,1007.2,12.4,66,0.0,Cerah
16.7,65,1012.6,20.7,306,4.5,Berawan
25.9,82,1011.7,7.8,70,1.4,Berawan
25.9,92,1009.9,7.6,253,1.6,Berawan
28.1,59,1004.7,24.5,47,4.0,Berawan
18.1,95,1008.1,6.1,304,3.2,Berawan
29.0,68,1006.3,15.1,57,0.0,Cerah
19.1,58,1011.5,20.1,158,4.6,Berawan
27.0,83,1008.5,28.9,23,2.2,Berawan
31.6,64,1011.5,10.8,102,0.0,Cerah
28.5,98,1006.7,15.3,95,4.0,Berawan
23.0,90,1005.8,4.1,194,22.5,Hujan
22.3,77,1009.8,26.1,95,1.6,Berawan
26.6,64,1007.3,29.2,309,1.7,Berawan
24.1,65,1010.1,29.3,342,4.2,Berawan
29.5,95,1006.1,19.1,189,3.7,Berawan
30.3,73,1010.4,6.7,328,0.0,Cerah
24.8,80,1006.6,23.2,95,2.8,Berawan
29.9,84,1010.9,25.7,30,0.6,Berawan
18.6,91,1010.5,29.0,165,4.6,Berawan
18.5,60,1012.8,16.8,77,0.0,Cerah
16.2,77,1008.4,10.1,27,1.7,Berawan
22.4,81,1009.3,27.5,22,2.3,Berawan
22.1,95,1009.8,12.2,12,1.3,Berawan
25.6,58,1010.3,6.8,8,0.0,Cerah
22.1,60,1005.0,25.8,152,0.8,Berawan
29.3,76,1005.0,18.3,120,0.9,Berawan
18.6,81,1010.0,6.8,269,0.8,Berawan
31.2,62,1004.9,5.2,3,0.0,Cerah
21.6,85,1009.9,8.8,245,4.3,Berawan
19.5,64,1010.2,15.3,223,0.0,Cerah
29.1,78,1008.3,13.8,205,4.4,Berawan
23.5,61,1006.8,28.4,107,2.0,Berawan
27.6,97,1010.0,16.9,89,4.3,Berawan
22.3,57,1011.4,18.8,191,3.6,Berawan
28.0,61,1010.5,20.7,264,3.9,Berawan
22.3,76,1004.6,25.4,16,2.8,Berawan
26.1,69,1007.8,17.8,305,0.0,Cerah
23.7,72,1009.6,11.0,228,0.0,Cerah
22.1,85,1008.6,13.6,172,1.1,Berawan
30.4,56,1007.1,5.3,161,0.0,Cerah
30.2,72,1008.9,27.5,22,0.8,Berawan
30.8,87,1006.4,28.8,297,3.4,Berawan
24.4,81,1012.7,16.9,151,3.6,Berawan
27.7,69,1011.6,22.5,24,3.9,Berawan
22.6,78,1010.3,5.3,304,2.3,Berawan
18.5,61,1008.5,7.6,110,0.0,Cerah
21.7,85,1011.0,17.5,113,2.0,Berawan
21.5,81,1010.5,26.0,332,4.4,Berawan
25.6,76,1011.3,15.3,174,1.7,Berawan
30.0,87,1005.6,11.8,230,3.8,Berawan
31.7,86,1006.1,11.7,350,3.0,Berawan
19.4,81,1010.3,17.9,5,1.7,Berawan
27.4,80,1006.3,25.6,239,3.3,Berawan
18.5,70,1005.1,9.1,330,0.0,Cerah
19.1,79,1008.2,22.5,316,4.2,Berawan
31.4,87,1008.3,19.1,101,2.0,Berawan
16.9,96,1008.7,20.4,215,1.2,Berawan
18.4,63,1006.6,6.7,201,0.0,Cerah
26.3,62,1004.5,25.0,138,2.1,Berawan
17.6,67,1004.3,17.5,98,0.0,Cerah
30.1,64,1005.5,10.6,101,0.0,Cerah
25.8,95,1008.3,9.8,128,0.3,Berawan
24.3,57,1005.1,13.4,326,0.0,Cerah
22.6,95,1010.1,19.5,223,0.3,Berawan
26.1,73,1009.8,14.3,182,0.0,Cerah
26.2,86,1006.9,11.7,326,0.5,Berawan
24.1,89,1005.8,18.6,224,0.4,Berawan
30.6,78,1008.1,28.1,85,4.7,Berawan
21.0,78,1011.8,22.1,186,1.1,Berawan
23.9,60,1004.1,29.5,146,2.0,Berawan
21.4,72,1004.0,20.6,145,0.9,Berawan
17.9,93,1010.2,7.6,63,3.2,Berawan
22.3,56,1010.2,4.3,172,0.0,Cerah
22.7,60,1004.9,12.5,327,0.0,Cerah
20.7,58,1010.7,19.4,282,1.0,Berawan
22.5,87,1009.0,17.7,206,2.4,Berawan
19.8,83,1009.7,7.5,135,3.5,Berawan
23.6,79,1012.2,12.4,150,1.1,Berawan
17.5,73,1011.7,16.9,259,0.0,Cerah
26.4,61,1007.3,29.7,259,1.8,Berawan
22.2,69,1009.7,17.8,46,0.0,Cerah
17.9,96,1005.2,12.2,324,23.6,Hujan
26.8,86,1005.4,17.2,66,2.4,Berawan
17.1,78,1010.1,13.1,168,3.7,Berawan
18.9,59,1008.7,18.8,230,3.1,Berawan
18.0,90,1004.4,19.1,52,26.2,Hujan
18.9,90,1012.9,17.3,148,1.7,Berawan
20.2,65,1005.6,19.4,236,3.0,Berawan
18.0,85,1009.7,3.9,253,4.4,Berawan
28.4,89,1009.9,15.1,250,1.7,Berawan
17.5,80,1010.5,15.9,226,4.7,Berawan
31.5,63,1009.9,19.4,253,4.7,Berawan
23.7,76,1004.8,3.5,42,2.2,Berawan
21.9,65,1004.4,16.2,272,0.0,Cerah
29.9,57,1009.0,5.0,135,0.0,Cerah
21.4,74,1007.3,20.2,66,4.7,Berawan
24.8,83,1008.9,9.1,69,1.6,Berawan
24.5,73,1007.0,13.7,226,0.0,Cerah
29.0,72,1006.3,15.8,259,0.0,Cerah
20.1,56,1007.7,6.0,126,0.0,Cerah
30.6,81,1011.2,16.4,354,3.9,Berawan
18.2,85,1012.2,25.6,38,2.4,Berawan
21.2,64,1009.9,13.8,292,0.0,Cerah
25.2,66,1005.8,9.3,196,0.0,Cerah
23.3,78,1005.4,13.1,277,1.5,Berawan
23.3,95,1006.7,9.9,156,47.8,Hujan
16.9,78,1008.4,7.4,340,0.3,Berawan
24.7,70,1009.1,20.9,32,1.1,Berawan
22.4,86,1006.4,12.5,256,19.6,Hujan
28.8,77,1005.5,19.5,77,3.6,Berawan
25.8,83,1007.7,28.6,237,2.9,Berawan
28.1,62,1005.2,16.1,200,0.0,Cerah
23.5,66,1011.9,12.2,229,0.0,Cerah
24.5,77,1010.0,12.9,331,4.0,Berawan
21.7,67,1010.1,21.3,104,0.3,Berawan
29.7,62,1012.0,11.3,43,0.0,Cerah
30.1,90,1012.5,17.5,178,1.2,Berawan
27.5,94,1010.3,9.9,156,1.0,Berawan
19.4,80,1013.0,24.4,10,0.5,Berawan
21.2,72,1010.6,25.9,264,3.1,Berawan
25.3,78,1004.1,28.4,263,3.6,Berawan
28.1,59,1012.8,6.0,87,0.0,Cerah
26.7,74,1007.3,19.5,197,4.6,Berawan
26.0,89,1011.4,26.6,170,2.7,Berawan
24.2,65,1009.1,19.9,166,1.1,Berawan
25.2,91,1008.3,10.2,291,1.2,Berawan
26.2,69,1004.3,3.9,82,0.0,Cerah
17.5,67,1009.6,5.1,42,0.0,Cerah
22.2,61,1006.2,20.5,137,2.7,Berawan
29.0,90,1006.7,17.9,337,2.3,Berawan
30.0,58,1011.1,9.0,226,0.0,Cerah
31.2,94,1010.2,8.6,354,1.6,Berawan
21.6,96,1006.1,16.0,346,41.0,Hujan
23.2,92,1005.5,7.3,167,34.1,Hujan
17.1,70,1013.0,27.6,312,3.2,Berawan
30.3,82,1008.1,28.4,195,1.5,Berawan
30.5,82,1005.5,8.7,158,4.6,Berawan
18.7,96,1005.4,20.8,185,11.1,Hujan
19.1,95,1012.4,28.6,264,1.1,Berawan
17.1,86,1012.6,20.6,181,2.1,Berawan
21.9,69,1007.2,11.2,312,0.0,Cerah
31.6,62,1005.2,20.2,183,0.5,Berawan
16.8,92,1009.5,27.3,217,3.2,Berawan
30.8,57,1011.3,20.9,144,3.4,Berawan
30.0,89,1012.9,13.2,143,2.7,Berawan
20.9,91,1006.7,7.0,279,45.5,Hujan
31.3,91,1012.9,15.7,181,0.3,Berawan
25.1,97,1004.9,9.6,295,3.4,Berawan
24.2,71,1012.9,20.3,139,3.9,Berawan
24.6,81,1010.1,13.6,225,3.1,Berawan
28.2,79,1010.8,15.3,74,0.9,Berawan
30.7,79,1006.7,3.8,85,4.8,Berawan
26.9,59,1004.4,12.7,33,0.0,Cerah
17.0,56,1004.3,16.6,55,0.0,Cerah
24.7,68,1004.4,22.5,37,1.2,Berawan
17.7,93,1009.0,26.6,186,1.9,Berawan
25.5,92,1006.0,26.1,51,2.5,Berawan
21.6,58,1005.7,5.0,342,0.0,Cerah
23.0,87,1010.7,28.9,171,3.3,Berawan
26.9,75,1005.0,9.9,17,0.0,Cerah
20.8,79,1006.4,28.1,171,4.1,Berawan
21.0,81,1006.6,15.2,287,4.3,Berawan
28.8,59,1007.3,10.3,347,0.0,Cerah
28.6,70,1009.5,11.7,4,0.0,Cerah
22.1,70,1007.8,5.9,15,0.0,Cerah
24.9,90,1005.4,28.5,355,4.6,Berawan
23.3,57,1008.4,21.5,342,2.7,Berawan
28.7,84,1005.6,4.7,74,3.1,Berawan
26.0,86,1008.3,25.9,280,4.3,Berawan
25.1,84,1010.1,7.3,221,0.9,Berawan
30.0,93,1006.6,15.0,140,1.2,Berawan
20.0,58,1007.9,4.8,353,0.0,Cerah
29.8,60,1011.6,26.6,288,1.7,Berawan
16.9,79,1004.1,14.9,312,2.7,Berawan
19.5,89,1010.2,4.1,21,3.3,Berawan
17.9,89,1011.9,7.5,92,2.7,Berawan
17.8,57,1007.4,7.0,318,0.0,Cerah
18.1,57,1012.0,5.3,100,0.0,Cerah
23.4,66,1010.1,6.7,192,0.0,Cerah
28.2,86,1007.2,10.7,34,3.1,Berawan
27.4,69,1006.6,25.6,275,1.2,Berawan
28.6,97,1007.0,10.0,138,1.0,Berawan
25.3,62,1010.9,4.2,227,0.0,Cerah
24.9,93,1008.1,20.7,62,0.6,Berawan
28.4,71,1008.6,14.7,113,0.0,Cerah
26.9,68,1007.9,23.3,44,2.1,Berawan
25.0,91,1011.5,15.9,324,1.4,Berawan
27.1,73,1005.2,11.9,80,0.0,Cerah
26.7,65,1012.6,15.4,196,0.0,Cerah
22.3,61,1010.1,6.4,248,0.0,Cerah
27.9,61,1008.4,4.5,50,0.0,Cerah
24.6,72,1009.5,3.7,126,0.0,Cerah
24.3,96,1007.0,12.7,11,2.1,Berawan
23.5,59,1012.1,20.9,218,3.9,Berawan
24.8,98,1004.0,3.9,193,2.0,Berawan
31.0,74,1008.5,29.7,327,4.7,Berawan
27.1,94,1009.9,8.1,307,4.3,Berawan
26.6,71,1007.6,18.1,309,3.3,Berawan
27.8,92,1012.0,6.3,312,2.5,Berawan
27.7,55,1007.6,17.3,2,0.0,Cerah
20.2,82,1008.3,21.3,224,1.1,Berawan
21.2,67,1006.2,20.6,168,2.7,Berawan
28.0,68,1011.4,4.5,203,0.0,Cerah
16.8,75,1004.4,29.6,289,3.6,Berawan
19.8,97,1005.4,25.5,272,21.1,Hujan
30.9,66,1004.6,29.8,218,1.2,Berawan
25.5,67,1008.6,15.7,38,0.0,Cerah
22.1,86,1004.1,26.1,319,26.3,Hujan
17.7,68,1004.1,15.5,158,0.0,Cerah
20.1,79,1011.3,15.0,137,1.6,Berawan
20.8,61,1010.9,13.2,309,0.0,Cerah
31.6,87,1012.9,10.3,127,0.6,Berawan
30.7,69,1006.2,15.1,301,0.0,Cerah
24.8,75,1010.5,25.3,229,0.2,Berawan
24.4,82,1005.6,19.1,200,4.0,Berawan
18.2,59,1010.7,9.2,357,0.0,Cerah
22.5,56,1011.2,17.9,244,0.0,Cerah
27.8,85,1008.0,22.8,355,0.7,Berawan
17.2,97,1007.8,24.2,326,29.0,Hujan
18.7,70,1006.7,19.4,105,4.8,Berawan
24.7,86,1007.9,3.9,251,1.7,Berawan
25.5,88,1008.2,23.9,343,0.3,Berawan
29.9,83,1006.0,18.3,325,3.2,Berawan
20.2,67,1007.4,21.1,330,4.4,Berawan
31.9,92,1006.0,27.4,63,2.2,Berawan
24.7,61,1009.8,9.2,3,0.0,Cerah
21.8,93,1004.7,16.0,49,22.8,Hujan
16.4,77,1007.0,25.3,120,1.1,Berawan
17.2,62,1004.3,21.3,106,0.8,Berawan
26.1,71,1005.6,20.9,6,4.6,Berawan
29.3,79,1004.2,14.2,273,4.2,Berawan
22.4,77,1008.1,20.9,108,1.4,Berawan
26.3,74,1010.8,25.2,126,4.3,Berawan
23.9,96,1006.4,27.3,144,25.6,Hujan
21.7,85,1008.9,15.7,154,4.0,Berawan
30.2,68,1011.0,25.0,133,1.5,Berawan
16.9,60,1004.2,27.8,0,3.6,Berawan
22.7,68,1004.5,16.4,318,0.0,Cerah
23.6,85,1010.3,22.1,175,2.1,Berawan
31.6,98,1007.3,9.7,131,4.1,Berawan
30.3,79,1012.2,6.8,78,0.4,Berawan
23.5,76,1008.3,23.2,162,4.6,Berawan
20.8,60,1010.9,8.6,247,0.0,Cerah
17.5,65,1007.2,27.2,330,2.0,Berawan
19.5,67,1007.6,20.4,288,0.9,Berawan
16.9,87,1011.0,8.9,315,3.0,Berawan
23.4,91,1006.3,27.9,195,13.0,Hujan
16.8,79,1004.1,10.2,177,2.6,Berawan
27.7,78,1007.6,21.4,138,3.4,Berawan
16.9,85,1010.2,15.6,178,2.6,Berawan
27.7,66,1011.2,15.8,229,0.0,Cerah
26.8,83,1009.2,19.5,21,3.3,Berawan
21.3,94,1011.8,21.5,246,3.9,Berawan
27.0,84,1010.0,27.7,188,2.8,Berawan
23.7,68,1005.8,9.4,184,0.0,Cerah
31.4,61,1012.7,22.7,29,2.3,Berawan
18.6,63,1011.4,5.6,259,0.0,Cerah
23.9,83,1007.8,18.2,322,2.0,Berawan
22.8,71,1008.6,20.8,207,2.3,Berawan
25.7,96,1005.0,21.0,5,3.5,Berawan
30.3,87,1010.1,28.7,16,0.3,Berawan
20.2,92,1006.5,6.3,33,36.8,Hujan
17.0,56,1009.9,16.0,334,0.0,Cerah
24.9,89,1007.1,27.5,167,0.4,Berawan
27.1,67,1006.7,20.8,11,3.1,Berawan
25.7,80,1006.1,7.5,116,1.1,Berawan
27.0,86,1011.5,19.4,73,2.8,Berawan
17.0,80,1009.8,19.9,66,1.5,Berawan
23.7,59,1006.9,22.4,221,4.1,Berawan
20.1,79,1009.1,16.0,105,4.9,Berawan
25.9,71,1008.5,24.2,76,0.1,Berawan
31.3,86,1012.5,14.8,29,1.0,Berawan
21.3,56,1006.2,18.0,82,0.0,Cerah
20.3,77,1010.1,4.9,184,1.5,Berawan
17.1,76,1010.4,10.7,207,1.7,Berawan
20.1,64,1011.3,22.2,198,3.8,Berawan
29.5,56,1009.6,4.7,57,0.0,Cerah
29.1,58,1008.6,16.3,254,0.0,Cerah
18.0,89,1007.5,5.0,23,43.0,Hujan
23.0,68,1006.0,28.1,304,3.1,Berawan
27.8,79,1012.9,17.9,193,0.4,Berawan
27.9,92,1006.9,5.3,168,2.6,Berawan
31.5,56,1004.0,20.6,54,3.6,Berawan
25.6,80,1011.9,12.5,32,0.8,Berawan
25.0,61,1004.7,27.2,90,3.1,Berawan
24.2,89,1010.2,11.0,126,0.9,Berawan
24.2,77,1011.3,7.4,306,2.9,Berawan
30.3,76,1010.5,15.8,41,0.7,Berawan
21.6,81,1007.4,10.3,201,0.8,Berawan
20.3,88,1010.2,9.7,5,2.1,Berawan
16.8,79,1007.2,17.6,13,2.8,Berawan
21.1,86,1008.9,22.2,127,4.9,Berawan
29.1,75,1010.3,7.8,68,1.7,Berawan
18.2,81,1012.3,3.9,62,1.9,Berawan
29.9,58,1009.5,28.8,184,0.1,Berawan
22.1,96,1006.1,5.6,276,33.0,Hujan
31.3,93,1007.1,13.2,122,4.4,Berawan
27.9,67,1007.7,20.1,220,1.5,Berawan
27.0,83,1012.0,18.7,98,2.8,Berawan
22.9,58,1006.6,19.2,237,4.9,Berawan
27.8,92,1010.7,22.4,177,0.7,Berawan
16.7,66,1011.6,27.4,29,2.2,Berawan
28.6,93,1005.9,27.3,302,0.2,Berawan
31.5,67,1012.4,17.8,146,0.0,Cerah
23.8,68,1012.2,9.2,314,0.0,Cerah
25.1,59,1006.0,26.3,342,4.7,Berawan
28.9,81,1009.2,4.0,55,1.0,Berawan
20.5,89,1009.8,16.7,311,3.2,Berawan
27.2,56,1011.2,14.1,119,0.0,Cerah
29.2,97,1007.5,20.5,168,1.0,Berawan
20.4,72,1005.2,15.5,219,0.0,Cerah
26.6,56,1011.1,17.7,250,0.0,Cerah
28.4,90,1007.2,8.7,302,1.5,Berawan
19.0,66,1011.4,4.1,105,0.0,Cerah
29.4,91,1010.0,17.1,274,2.8,Berawan
29.3,85,1006.7,29.6,53,1.6,Berawan
19.3,80,1013.0,8.1,277,3.9,Berawan
23.7,84,1006.4,18.3,0,3.7,Berawan
28.3,58,1009.4,22.5,80,4.4,Berawan
23.1,95,1010.6,13.6,141,3.4,Berawan
29.2,88,1009.6,27.8,84,1.3,Berawan
21.4,57,1005.8,27.6,131,3.9,Berawan
29.5,94,1008.3,25.8,105,3.0,Berawan
21.6,72,1004.9,7.2,353,0.0,Cerah
22.3,92,1012.6,24.4,3,0.4,Berawan
27.3,82,1008.7,7.9,87,3.3,Berawan
21.2,81,1007.4,23.6,31,4.8,Berawan
25.0,59,1012.0,25.1,246,3.4,Berawan
17.8,96,1010.9,7.8,204,4.0,Berawan
18.6,81,1005.3,13.2,14,0.6,Berawan
28.7,78,1008.7,23.3,122,3.5,Berawan
31.5,59,1011.4,9.4,81,0.0,Cerah
23.8,73,1005.6,7.4,65,0.0,Cerah
18.1,86,1005.0,12.1,252,18.7,Hujan
24.3,64,1005.1,17.3,20,0.0,Cerah
31.2,77,1006.9,14.7,236,1.9,Berawan
30.5,66,1004.1,14.5,68,0.0,Cerah
26.9,95,1006.5,25.1,84,2.6,Berawan
31.1,58,1012.4,28.5,207,2.7,Berawan
25.3,89,1010.9,22.1,98,4.7,Berawan
16.0,79,1007.4,15.1,256,3.6,Berawan
30.5,72,1009.1,15.7,114,0.0,Cerah
19.4,67,1004.2,16.0,106,0.0,Cerah
16.2,69,1008.3,15.9,321,0.0,Cerah
22.7,73,1005.0,24.6,18,0.2,Berawan
29.8,79,1011.3,13.0,333,0.4,Berawan
21.4,89,1007.4,22.1,38,29.8,Hujan
21.1,83,1006.2,6.7,336,4.1,Berawan
21.2,59,1012.1,8.6,167,0.0,Cerah
23.2,84,1005.5,7.0,324,0.8,Berawan
28.0,57,1004.7,8.8,291,0.0,Cerah
25.9,72,1005.7,13.8,131,0.0,Cerah
19.4,69,1007.7,24.8,291,3.2,Berawan
21.5,86,1011.7,19.8,298,2.7,Berawan
23.8,94,1004.5,6.8,42,34.0,Hujan
27.6,70,1012.1,28.2,172,0.5,Berawan
30.6,93,1006.5,19.2,239,2.5,Berawan
25.7,61,1007.5,17.0,295,0.0,Cerah
21.8,75,1008.8,27.6,156,2.7,Berawan
31.7,75,1009.6,13.7,208,0.0,Cerah
18.6,80,1009.0,9.3,288,3.1,Berawan
30.0,73,1004.4,16.1,198,0.0,Cerah
22.0,81,1006.7,14.4,91,1.4,Berawan
31.2,82,1010.1,29.0,67,4.4,Berawan
18.8,92,1012.2,22.9,44,1.3,Berawan
22.1,62,1007.0,23.7,345,3.9,Berawan
17.0,95,1004.7,8.4,177,40.3,Hujan
30.4,68,1007.4,4.1,86,0.0,Cerah
18.1,71,1011.9,26.5,90,0.4,Berawan
25.3,62,1005.7,20.0,254,4.4,Berawan
19.6,92,1008.2,22.9,146,3.9,Berawan
31.2,72,1005.0,23.2,48,4.9,Berawan
26.7,91,1012.7,17.9,145,4.6,Berawan
23.3,73,1011.5,7.4,169,0.0,Cerah
16.5,78,1011.3,24.5,32,4.1,Berawan
17.8,74,1011.1,11.3,44,0.0,Cerah
26.2,61,1009.7,17.3,175,0.0,Cerah
23.3,78,1006.9,16.6,224,4.2,Berawan
27.8,67,1008.7,25.4,248,4.8,Berawan
26.2,56,1012.5,25.1,20,2.8,Berawan
16.7,68,1005.4,19.7,53,0.4,Berawan
16.5,56,1008.4,27.6,68,3.7,Berawan
20.4,77,1009.3,15.4,306,4.7,Berawan
25.1,79,1007.3,12.5,299,3.9,Berawan
19.0,62,1006.3,18.9,171,3.0,Berawan
23.6,74,1006.6,22.6,174,4.4,Berawan
27.7,57,1005.8,3.4,58,0.0,Cerah
22.6,76,1004.2,27.4,0,0.7,Berawan
17.6,92,1007.4,18.6,34,31.9,Hujan
23.4,60,1008.1,14.2,172,0.0,Cerah
26.6,92,1008.9,9.2,337,0.8,Berawan
31.6,57,1004.5,4.6,351,0.0,Cerah
30.8,77,1005.8,29.5,356,1.0,Berawan
28.5,94,1007.8,10.9,271,2.9,Berawan
28.3,61,1004.5,22.9,233,2.0,Berawan
26.4,93,1008.0,23.7,190,1.4,Berawan
21.0,93,1004.7,29.6,309,22.9,Hujan
20.1,65,1008.3,22.4,216,3.9,Berawan
25.8,66,1011.3,25.1,282,0.2,Berawan
22.0,67,1009.0,3.5,50,0.0,Cerah
23.7,78,1004.6,19.7,153,1.3,Berawan
25.9,77,1007.3,16.3,19,1.6,Berawan
17.3,74,1012.1,13.6,309,0.0,Cerah
20.0,60,1010.0,3.6,22,0.0,Cerah
17.9,76,1005.5,18.2,182,0.7,Berawan
19.4,86,1006.8,17.4,164,47.8,Hujan
30.6,59,1011.0,25.6,16,4.8,Berawan
27.1,74,1012.1,13.7,295,0.0,Cerah
22.3,58,1009.0,11.0,194,0.0,Cerah
30.0,62,1007.2,5.1,8,0.0,Cerah
19.3,58,1005.2,17.3,313,0.0,Cerah
26.8,96,1010.4,8.9,216,3.1,Berawan
28.5,62,1010.7,29.8,126,3.7,Berawan
22.0,92,1009.4,18.9,143,1.0,Berawan
21.4,63,1004.6,15.4,165,0.0,Cerah
21.7,95,1010.7,15.5,277,0.9,Berawan
22.3,69,1008.9,12.1,252,0.0,Cerah
18.1,69,1010.4,22.6,279,3.3,Berawan
23.4,96,1008.1,16.4,218,3.8,Berawan
31.0,72,1007.6,8.2,194,0.0,Cerah
25.9,90,1010.9,25.2,288,1.1,Berawan
27.2,66,1012.7,5.2,252,0.0,Cerah
21.8,90,1006.2,10.8,227,43.8,Hujan
32.0,97,1012.3,10.3,308,3.0,Berawan
28.5,70,1005.7,13.9,34,0.0,Cerah
24.8,96,1007.3,9.1,351,0.6,Berawan
22.4,92,1005.8,16.7,239,24.8,Hujan
23.8,72,1004.9,24.7,97,0.8,Berawan
23.8,98,1005.3,11.6,116,24.4,Hujan
31.3,94,1011.7,17.8,28,4.4,Berawan
31.5,78,1004.8,16.2,173,4.7,Berawan
29.0,95,1006.2,15.8,15,3.4,Berawan
30.3,73,1008.3,20.8,62,1.8,Berawan
31.0,91,1011.9,14.8,104,4.3,Berawan
30.3,85,1007.4,20.1,182,4.7,Berawan
16.5,71,1005.6,4.2,19,0.0,Cerah
25.1,59,1012.4,27.9,154,3.4,Berawan
25.5,73,1012.0,14.0,223,0.0,Cerah
17.4,83,1008.2,28.1,59,3.7,Berawan
26.4,62,1006.9,14.5,71,0.0,Cerah
24.5,88,1010.3,16.5,24,2.5,Berawan
27.2,93,1010.5,8.4,185,4.7,Berawan
23.8,84,1010.0,18.9,116,0.4,Berawan
26.4,66,1010.2,22.2,119,2.8,Berawan
28.0,70,1005.2,13.0,215,0.0,Cerah
21.2,60,1005.7,7.8,92,0.0,Cerah
27.5,80,1007.5,11.0,18,3.3,Berawan
16.8,70,1010.9,28.5,228,0.2,Berawan
24.1,57,1012.6,3.1,196,0.0,Cerah
27.6,95,1007.3,9.0,10,0.1,Berawan
27.5,83,1006.6,19.0,96,4.1,Berawan
16.9,97,1006.5,26.5,234,28.1,Hujan
21.3,72,1005.4,29.8,109,3.4,Berawan
17.2,90,1006.7,28.3,182,19.9,Hujan
30.8,60,1009.6,11.7,318,0.0,Cerah
27.9,90,1007.3,3.5,46,1.6,Berawan
27.7,58,1011.9,20.1,289,1.9,Berawan
31.7,80,1007.4,8.5,152,2.2,Berawan
30.7,73,1010.8,4.8,346,0.0,Cerah
29.4,82,1007.1,21.1,219,1.3,Berawan
21.6,93,1004.7,21.0,101,35.8,Hujan
23.9,85,1010.7,19.1,358,4.8,Berawan
16.8,66,1004.4,7.6,256,0.0,Cerah
28.2,92,1009.8,3.7,306,3.6,Berawan
24.3,82,1010.3,5.4,27,2.6,Berawan
24.0,81,1010.1,6.3,323,2.9,Berawan
32.0,96,1009.3,20.2,332,3.1,Berawan
24.4,87,1012.7,13.8,133,0.8,Berawan
31.5,79,1006.7,20.7,8,1.7,Berawan
17.6,57,1012.0,3.6,27,0.0,Cerah
29.6,82,1012.5,3.3,167,2.9,Berawan
17.5,84,1008.9,24.0,357,1.1,Berawan
29.9,56,1012.9,29.5,157,2.2,Berawan
25.3,69,1006.7,26.7,103,2.4,Berawan
17.5,81,1009.5,9.8,122,1.3,Berawan
18.6,89,1005.4,10.6,5,18.9,Hujan
23.9,58,1011.7,26.4,127,4.6,Berawan
28.0,91,1011.0,5.7,79,1.8,Berawan
23.0,62,1011.0,20.1,14,0.1,Berawan
29.9,58,1012.0,4.1,168,0.0,Cerah
28.3,65,1009.4,7.4,34,0.0,Cerah
21.0,98,1006.6,23.9,206,37.0,Hujan
31.7,85,1007.4,13.7,209,1.1,Berawan
24.9,79,1010.4,13.2,139,0.8,Berawan
24.5,78,1010.5,9.0,172,4.0,Berawan
26.5,90,1005.8,7.7,281,3.4,Berawan
25.7,63,1006.3,10.9,40,0.0,Cerah
21.5,74,1008.1,6.8,239,0.0,Cerah
21.5,61,1012.6,23.3,223,0.7,Berawan
19.9,80,1012.7,19.9,100,1.1,Berawan
21.2,79,1006.4,24.0,163,2.0,Berawan
28.8,97,1009.3,12.5,105,3.5,Berawan
16.6,73,1012.4,22.6,189,3.7,Berawan
25.6,58,1006.7,15.6,131,0.0,Cerah
23.2,74,1011.5,29.1,317,1.9,Berawan
28.3,80,1007.3,5.8,61,4.5,Berawan
19.7,75,1006.3,12.3,341,3.0,Berawan
27.3,76,1012.8,13.0,28,2.0,Berawan
29.6,84,1008.5,14.6,91,1.4,Berawan
31.6,90,1006.8,20.0,185,1.5,Berawan
26.1,98,1006.6,4.0,293,1.6,Berawan
27.1,60,1008.4,4.7,109,0.0,Cerah
16.1,96,1008.3,20.7,156,0.8,Berawan
18.9,98,1005.6,22.7,20,23.2,Hujan
24.2,88,1005.5,15.0,44,4.7,Berawan
30.9,74,1008.2,17.4,151,0.0,Cerah
28.7,58,1012.7,8.7,204,0.0,Cerah
24.6,76,1009.0,14.5,296,3.8,Berawan
18.0,92,1012.0,3.0,114,0.4,Berawan
25.1,56,1010.6,14.2,65,0.0,Cerah
17.6,61,1011.8,14.0,289,0.0,Cerah
24.7,57,1008.8,11.9,323,0.0,Cerah
19.0,60,1007.0,5.1,124,0.0,Cerah
31.0,61,1006.7,15.4,92,0.0,Cerah
19.6,80,1009.2,24.5,334,4.2,Berawan
24.9,61,1004.7,24.9,18,4.8,Berawan
30.0,57,1006.6,24.6,9,2.3,Berawan
26.2,84,1011.1,8.2,86,3.8,Berawan
27.1,74,1010.9,17.6,320,0.0,Cerah
28.1,85,1011.1,8.2,240,2.9,Berawan
30.0,93,1004.3,27.7,113,4.1,Berawan
24.8,97,1007.1,16.2,165,0.4,Berawan
29.1,79,1005.5,19.0,337,1.6,Berawan
27.1,79,1004.3,27.2,244,2.9,Berawan
20.5,65,1010.6,25.4,107,4.5,Berawan
19.0,84,1010.2,10.3,177,0.2,Berawan
30.4,67,1006.0,13.9,23,0.0,Cerah
31.2,64,1011.5,3.4,83,0.0,Cerah
17.5,86,1005.2,27.4,131,34.3,Hujan
18.0,61,1004.3,19.6,124,3.6,Berawan
16.7,79,1007.5,8.3,155,1.6,Berawan
27.4,70,1011.0,3.6,81,0.0,Cerah
25.7,64,1004.3,5.3,151,0.0,Cerah
19.8,67,1009.7,10.3,335,0.0,Cerah
26.7,57,1006.9,9.0,211,0.0,Cerah
25.8,65,1011.0,26.6,69,2.2,Berawan
17.1,63,1008.7,26.1,84,4.8,Berawan
29.9,87,1008.7,19.7,182,3.9,Berawan
25.7,56,1011.1,13.9,78,0.0,Cerah
22.8,83,1011.9,24.1,155,3.5,Berawan
30.8,91,1008.3,10.7,42,3.6,Berawan
29.8,90,1010.2,19.4,90,1.8,Berawan
20.7,96,1005.8,7.0,279,37.0,Hujan
22.7,81,1004.9,7.7,154,1.3,Berawan
25.7,89,1004.1,7.0,264,2.5,Berawan
30.2,74,1005.2,8.0,157,0.0,Cerah
22.6,69,1005.3,12.2,156,0.0,Cerah
22.4,56,1006.0,17.7,207,0.0,Cerah
20.4,89,1007.5,19.0,20,44.0,Hujan
22.4,75,1012.3,21.3,101,2.0,Berawan
20.5,93,1006.3,18.3,265,38.3,Hujan
16.1,62,1011.0,13.5,79,0.0,Cerah
25.9,98,1006.9,8.8,337,4.4,Berawan
23.9,73,1008.0,7.8,358,0.0,Cerah
23.3,95,1011.9,4.7,104,0.6,Berawan
25.1,84,1006.5,8.4,162,0.4,Berawan
21.8,91,1010.7,22.1,132,3.1,Berawan
31.5,91,1006.5,26.0,193,3.0,Berawan
31.8,96,1005.5,17.0,282,2.0,Berawan
31.7,86,1009.8,23.2,122,0.4,Berawan
22.8,56,1012.2,23.0,222,0.8,Berawan
22.3,96,1012.8,24.1,138,2.8,Berawan
20.8,62,1005.0,22.9,342,1.9,Berawan
21.7,91,1004.4,11.9,189,44.3,Hujan
20.4,92,1004.3,6.0,196,46.3,Hujan
26.5,72,1006.1,7.7,80,0.0,Cerah
28.3,95,1012.1,23.7,206,4.4,Berawan
22.1,61,1007.5,29.1,147,0.7,Berawan
25.1,91,1009.7,6.8,152,4.0,Berawan
16.7,76,1004.5,23.5,46,1.8,Berawan
16.0,55,1011.5,19.0,321,1.0,Berawan
24.0,57,1011.4,8.3,231,0.0,Cerah
18.7,60,1009.4,20.5,91,0.8,Berawan
25.7,86,1012.0,26.1,160,0.1,Berawan
22.9,76,1009.5,6.6,78,2.3,Berawan
25.4,83,1006.4,21.5,207,3.4,Berawan
20.7,87,1004.5,26.4,171,38.6,Hujan
31.3,72,1005.2,6.4,88,0.0,Cerah
17.7,98,1005.7,27.9,199,48.3,Hujan
28.1,63,1005.7,15.6,255,0.0,Cerah
16.9,70,1008.1,24.4,225,1.4,Berawan
17.1,61,1011.5,8.3,297,0.0,Cerah
28.1,84,1011.2,5.3,261,1.8,Berawan
29.4,58,1005.3,6.3,199,0.0,Cerah
17.0,76,1010.7,16.8,91,2.5,Berawan
27.9,85,1005.6,9.9,234,2.5,Berawan
20.0,79,1006.7,11.8,175,1.9,Berawan
22.6,58,1004.8,14.7,329,0.0,Cerah
20.6,88,1010.2,3.2,216,2.6,Berawan
27.6,88,1011.1,23.7,246,3.8,Berawan
22.2,88,1012.0,11.5,142,4.2,Berawan
21.1,76,1011.6,16.6,286,2.9,Berawan
18.1,83,1012.2,12.7,145,0.9,Berawan
26.6,86,1006.4,17.1,244,4.7,Berawan
23.9,56,1011.3,7.7,72,0.0,Cerah
28.4,62,1004.8,21.3,341,1.9,Berawan
26.7,89,1010.6,11.6,83,2.5,Berawan
17.6,87,1005.2,22.9,350,23.3,Hujan
30.8,88,1010.3,10.5,64,3.1,Berawan
27.5,58,1009.8,24.5,84,4.5,Berawan
16.2,73,1011.5,22.7,65,0.6,Berawan
18.0,62,1005.0,23.5,206,2.7,Berawan
22.8,60,1011.4,23.2,199,1.2,Berawan
27.1,75,1010.3,13.2,6,0.0,Cerah
31.9,72,1011.1,22.2,332,3.2,Berawan
27.3,80,1011.7,25.3,30,3.8,Berawan
31.6,92,1005.7,15.0,137,1.7,Berawan
28.4,90,1004.9,10.7,305,2.5,Berawan
16.4,59,1011.9,3.8,11,0.0,Cerah
20.0,95,1005.6,25.3,76,11.7,Hujan
26.0,85,1012.5,14.7,45,1.7,Berawan
31.7,96,1011.4,25.5,41,0.1,Berawan
19.3,75,1010.4,21.9,207,4.4,Berawan
27.1,63,1007.3,20.5,227,0.2,Berawan
23.3,93,1010.8,25.7,268,4.1,Berawan
23.7,55,1010.0,11.3,36,0.0,Cerah
22.2,95,1006.1,14.8,94,46.3,Hujan
25.1,60,1009.3,8.6,241,0.0,Cerah
30.8,86,1012.0,4.7,234,2.1,Berawan
29.5,57,1010.0,9.0,194,0.0,Cerah
29.7,72,1012.4,15.0,277,0.0,Cerah
29.0,59,1006.8,22.0,359,0.3,Berawan
16.9,76,1009.0,5.6,209,3.6,Berawan
24.8,60,1004.7,16.2,246,0.0,Cerah
23.6,70,1009.1,5.1,283,0.0,Cerah
27.6,83,1007.6,23.7,93,3.7,Berawan
16.1,97,1006.2,17.1,148,26.9,Hujan
32.0,66,1004.6,27.7,245,3.7,Berawan
24.0,60,1010.3,3.0,32,0.0,Cerah
20.7,63,1011.8,6.4,20,0.0,Cerah
19.5,72,1011.8,20.8,138,3.7,Berawan
29.7,61,1012.3,29.8,258,0.3,Berawan
26.6,63,1011.7,17.7,147,0.0,Cerah
27.9,66,1010.9,10.5,328,0.0,Cerah
31.5,74,1008.3,16.7,79,0.0,Cerah
27.0,59,1011.8,14.2,264,0.0,Cerah
20.3,63,1010.1,29.6,206,0.5,Berawan
24.9,57,1008.1,16.2,101,0.0,Cerah
17.1,96,1009.3,7.7,83,3.9,Berawan
29.4,90,1011.6,5.4,109,2.7,Berawan
26.3,94,1005.1,27.3,233,0.4,Berawan
27.6,79,1009.6,7.6,138,4.3,Berawan
25.5,73,1008.4,22.5,172,2.3,Berawan
28.8,73,1009.7,16.2,77,0.0,Cerah
31.5,70,1004.4,29.4,22,2.1,Berawan
21.0,63,1010.2,27.6,187,2.2,Berawan
30.6,63,1005.1,5.5,111,0.0,Cerah
22.5,90,1006.0,25.1,55,42.6,Hujan
25.9,75,1012.9,24.8,98,1.4,Berawan
30.2,76,1010.5,26.7,19,4.8,Berawan
17.6,74,1005.3,22.4,5,4.7,Berawan
24.6,76,1008.3,24.4,62,4.0,Berawan
26.7,83,1010.1,25.2,78,3.5,Berawan
20.4,91,1010.1,13.4,192,4.2,Berawan
18.7,92,1012.0,16.1,23,2.1,Berawan
27.8,88,1010.9,15.7,288,3.4,Berawan
19.8,58,1012.4,18.0,328,0.5,Berawan
23.2,92,1008.4,4.5,222,2.6,Berawan
17.1,67,1012.0,5.4,311,0.0,Cerah
23.0,83,1012.0,27.8,251,4.3,Berawan
26.5,60,1011.4,3.3,285,0.0,Cerah
26.0,57,1008.4,20.6,78,0.7,Berawan
29.3,86,1010.9,22.9,327,2.0,Berawan
23.2,96,1007.2,25.7,284,20.1,Hujan
23.7,83,1008.9,29.9,306,0.5,Berawan
23.3,60,1008.3,9.5,71,0.0,Cerah
20.5,60,1009.8,14.7,287,0.0,Cerah
17.3,86,1012.7,15.3,180,4.4,Berawan
22.5,85,1010.6,19.9,197,2.7,Berawan
27.7,98,1007.0,20.7,262,0.3,Berawan
30.9,80,1005.5,3.9,77,4.3,Berawan
25.2,89,1007.9,6.4,168,4.7,Berawan
23.1,66,1005.6,9.5,9,0.0,Cerah
23.9,64,1009.3,20.8,74,0.3,Berawan
16.3,77,1010.3,25.9,224,0.7,Berawan
31.9,79,1005.2,24.0,176,4.8,Berawan
22.4,66,1004.0,22.6,99,0.3,Berawan
24.3,98,1009.1,29.3,256,2.4,Berawan
25.6,65,1011.2,8.8,92,0.0,Cerah
23.7,76,1012.2,4.0,35,1.2,Berawan
31.9,78,1009.3,16.3,17,2.3,Berawan
19.8,59,1004.8,8.9,116,0.0,Cerah
30.8,78,1012.9,21.3,218,2.1,Berawan
16.6,67,1008.1,14.8,94,0.0,Cerah
27.5,62,1009.6,29.9,198,3.1,Berawan
19.3,98,1005.5,11.1,264,33.5,Hujan
19.8,79,1006.6,19.2,79,4.2,Berawan
20.1,62,1008.2,7.7,262,0.0,Cerah
28.9,76,1008.6,21.3,297,2.6,Berawan
25.6,95,1012.7,26.3,83,4.1,Berawan
20.0,70,1012.5,10.8,232,0.0,Cerah
17.1,64,1007.2,14.8,231,0.0,Cerah
24.0,97,1004.6,16.5,45,21.1,Hujan
23.6,70,1006.4,18.8,35,4.7,Berawan
25.3,59,1008.6,23.0,150,0.2,Berawan
20.9,79,1012.2,15.3,187,4.7,Berawan
28.7,83,1010.1,19.5,342,1.1,Berawan
23.5,72,1012.0,5.5,192,0.0,Cerah
29.5,64,1009.6,27.1,143,4.6,Berawan
17.2,75,1009.3,26.1,240,2.2,Berawan
23.4,67,1010.5,11.3,336,0.0,Cerah
21.8,68,1006.7,29.5,12,1.3,Berawan
24.4,57,1004.6,27.5,305,2.1,Berawan
26.0,82,1007.9,16.6,263,3.0,Berawan
20.4,89,1011.5,20.5,30,4.9,Berawan
20.3,83,1004.2,13.8,292,0.9,Berawan
31.3,72,1010.6,15.3,292,0.0,Cerah
18.2,61,1010.2,7.2,2,0.0,Cerah
27.3,77,1007.1,20.2,47,2.2,Berawan
24.6,64,1006.7,8.6,182,0.0,Cerah
28.0,89,1008.0,26.4,177,3.9,Berawan
19.4,78,1004.9,7.7,329,1.4,Berawan
17.3,61,1007.6,29.7,180,2.0,Berawan
18.0,60,1012.9,3.5,88,0.0,Cerah
23.2,79,1008.5,23.2,30,0.9,Berawan
31.5,66,1011.8,20.2,184,1.9,Berawan
20.9,88,1005.8,23.0,199,43.6,Hujan
25.6,65,1005.8,20.4,93,1.9,Berawan
17.9,74,1006.5,20.6,187,2.3,Berawan
23.4,96,1010.6,9.1,262,1.2,Berawan
24.3,98,1011.9,26.2,75,1.7,Berawan
24.1,83,1010.7,26.8,38,2.6,Berawan
27.5,90,1005.4,13.9,114,4.2,Berawan
20.2,63,1007.6,21.4,219,1.4,Berawan
19.4,94,1005.3,11.5,348,40.5,Hujan
22.6,86,1011.7,9.3,59,3.7,Berawan
30.8,60,1011.9,26.8,306,2.8,Berawan
25.6,80,1004.2,22.1,301,1.9,Berawan
29.9,72,1005.9,28.3,130,1.7,Berawan
20.2,85,1005.9,8.8,353,28.9,Hujan
26.4,98,1011.0,27.6,64,0.5,Berawan
16.1,89,1011.3,10.2,126,3.4,Berawan
31.2,92,1009.6,27.3,68,0.9,Berawan
22.6,87,1011.1,7.2,195,3.0,Berawan
31.3,62,1009.8,25.6,266,1.7,Berawan
27.2,82,1005.4,13.3,114,0.3,Berawan
30.8,87,1006.3,21.7,75,0.1,Berawan
24.1,85,1011.5,28.4,326,0.4,Berawan
27.7,95,1010.3,26.4,150,2.4,Berawan
16.0,89,1005.8,12.3,74,42.4,Hujan
16.4,77,1006.4,12.9,176,2.9,Berawan
20.4,77,1011.2,27.2,187,2.8,Berawan
16.3,66,1006.0,4.0,125,0.0,Cerah
31.6,88,1007.1,22.1,283,4.5,Berawan
24.1,76,1007.4,20.9,228,3.7,Berawan
24.3,62,1010.3,22.1,230,4.7,Berawan
19.2,90,1009.5,20.6,282,4.8,Berawan
27.7,60,1006.1,24.6,235,2.8,Berawan
23.8,96,1008.0,13.4,26,25.6,Hujan
23.6,93,1007.5,16.4,311,44.4,Hujan
20.5,59,1009.0,8.9,171,0.0,Cerah
29.7,88,1008.1,5.0,231,2.5,Berawan
22.6,96,1006.9,9.8,13,35.9,Hujan
18.1,70,1005.7,3.4,327,0.0,Cerah
18.8,61,1011.9,8.9,84,0.0,Cerah
19.6,57,1011.1,25.1,106,1.5,Berawan
17.8,62,1005.0,3.1,319,0.0,Cerah
20.3,94,1004.9,8.1,209,28.3,Hujan
22.6,56,1012.5,18.0,196,0.0,Cerah
21.3,59,1005.5,24.3,65,2.5,Berawan
16.3,72,1006.1,17.2,238,0.0,Cerah
27.7,75,1006.2,20.9,293,3.0,Berawan
17.7,97,1010.6,19.4,65,0.7,Berawan
20.5,56,1005.6,25.8,153,4.7,Berawan
23.9,67,1005.1,21.5,70,3.6,Berawan
24.5,92,1009.2,14.3,99,1.3,Berawan
29.2,86,1010.9,23.1,179,1.1,Berawan
22.1,61,1009.2,29.2,346,1.6,Berawan
16.1,56,1004.0,16.9,317,0.0,Cerah
29.5,69,1012.7,5.9,28,0.0,Cerah
22.4,77,1010.8,17.7,142,3.5,Berawan
19.6,56,1005.8,3.9,21,0.0,Cerah
26.6,66,1009.6,21.3,6,2.8,Berawan
26.1,82,1009.9,19.8,111,2.3,Berawan
30.2,68,1004.3,17.2,95,0.0,Cerah
23.3,91,1011.6,10.6,91,3.4,Berawan
24.8,96,1008.9,5.8,47,2.1,Berawan
18.7,63,1009.8,20.7,16,3.4,Berawan
16.3,65,1011.3,27.3,155,2.6,Berawan
25.8,70,1010.1,18.6,208,1.8,Berawan
29.0,83,1012.8,27.0,102,4.5,Berawan
31.8,85,1004.3,11.1,196,1.5,Berawan
28.9,89,1012.3,22.9,80,4.8,Berawan
22.7,62,1008.7,13.1,324,0.0,Cerah
27.5,68,1010.3,3.1,340,0.0,Cerah
24.4,80,1011.9,27.7,310,4.5,Berawan
19.0,85,1006.5,11.6,294,3.1,Berawan
20.6,83,1007.5,8.0,59,4.5,Berawan
27.7,93,1009.9,24.8,70,1.6,Berawan
17.9,96,1004.4,4.5,59,23.8,Hujan
25.6,94,1009.0,5.3,113,4.8,Berawan
24.1,87,1004.4,26.7,127,1.6,Berawan
18.4,59,1007.7,3.0,239,0.0,Cerah
17.8,69,1011.5,12.8,220,0.0,Cerah
16.6,61,1005.8,11.1,247,0.0,Cerah
21.2,89,1008.9,7.0,219,4.2,Berawan
31.0,80,1007.4,23.0,40,1.1,Berawan
17.7,88,1010.9,19.7,62,3.8,Berawan
25.7,77,1009.2,26.1,119,3.7,Berawan
17.0,80,1004.5,11.1,152,2.8,Berawan
27.7,59,1011.6,16.7,350,0.0,Cerah
28.3,87,1010.5,12.5,30,3.1,Berawan
27.5,81,1008.7,3.3,113,2.7,Berawan
16.0,81,1009.5,12.0,341,2.5,Berawan
24.3,94,1010.6,5.5,51,3.3,Berawan
23.0,72,1012.8,29.2,283,1.3,Berawan
22.4,65,1006.4,6.9,123,0.0,Cerah
29.4,58,1011.8,28.3,128,0.2,Berawan
17.5,94,1004.6,20.7,175,47.1,Hujan
18.5,69,1012.1,17.2,346,0.0,Cerah
31.6,89,1008.5,29.6,152,4.6,Berawan
30.4,83,1008.9,19.0,25,3.0,Berawan
30.9,67,1005.8,22.8,121,2.8,Berawan
31.6,68,1012.8,12.7,283,0.0,Cerah
20.6,89,1008.5,17.6,45,4.2,Berawan
22.8,80,1011.9,12.1,112,3.6,Berawan
19.0,81,1007.1,25.1,13,1.3,Berawan
16.3,69,1006.4,5.6,37,0.0,Cerah
24.1,70,1006.0,12.2,175,0.0,Cerah
18.4,61,1004.1,19.9,46,2.0,Berawan
19.7,68,1004.8,18.6,249,1.5,Berawan
19.4,93,1009.7,15.4,13,1.7,Berawan
23.9,74,1005.9,13.6,254,0.0,Cerah
18.8,63,1012.4,12.7,337,0.0,Cerah
32.0,88,1009.5,22.1,109,2.6,Berawan
22.9,64,1011.0,23.6,112,1.6,Berawan
28.6,74,1009.5,15.5,46,0.0,Cerah
31.7,91,1010.7,23.9,308,0.7,Berawan
18.0,84,1008.8,4.1,7,1.7,Berawan
29.7,79,1009.6,22.9,185,0.4,Berawan
31.0,83,1006.8,3.5,342,1.6,Berawan
29.4,75,1006.2,19.4,290,3.7,Berawan
16.7,73,1004.6,28.0,176,4.3,Berawan
25.0,72,1005.0,12.9,237,0.0,Cerah
30.8,74,1005.2,5.8,64,0.0,Cerah
30.1,60,1012.0,27.2,275,0.2,Berawan
27.7,60,1006.5,13.0,90,0.0,Cerah
29.2,88,1009.6,6.0,11,2.5,Berawan
20.0,66,1012.5,29.1,296,1.1,Berawan
24.3,56,1009.5,30.0,93,1.3,Berawan
16.4,85,1009.7,6.6,34,4.5,Berawan
23.5,83,1008.2,10.9,122,1.7,Berawan
16.4,86,1012.2,13.3,152,1.7,Berawan
26.2,56,1012.1,13.5,347,0.0,Cerah
30.8,85,1011.8,28.8,133,2.1,Berawan
24.8,61,1012.5,24.8,13,2.4,Berawan
26.5,79,1010.1,25.2,181,2.8,Berawan
17.3,80,1007.7,6.6,80,3.6,Berawan
28.1,96,1010.6,15.7,238,4.5,Berawan
30.7,67,1007.7,8.6,15,0.0,Cerah
21.6,80,1010.4,24.6,228,4.5,Berawan
19.3,68,1008.2,18.9,319,1.3,Berawan
27.8,55,1008.8,16.3,6,0.0,Cerah
26.8,84,1006.4,14.1,74,2.7,Berawan
25.3,82,1006.4,3.4,34,3.8,Berawan
25.6,68,1007.8,14.2,321,0.0,Cerah
23.5,82,1006.9,11.4,41,1.4,Berawan
31.5,97,1004.3,9.6,240,3.1,Berawan
26.9,85,1007.6,10.6,7,1.9,Berawan
31.8,57,1010.3,17.8,91,0.0,Cerah
18.3,78,1006.9,9.8,357,4.1,Berawan
17.0,70,1005.4,22.0,209,2.6,Berawan
16.2,79,1011.2,24.9,258,4.5,Berawan
18.2,69,1012.8,27.9,315,3.5,Berawan
29.5,96,1011.3,18.7,84,2.8,Berawan
26.0,68,1006.1,22.0,352,4.1,Berawan
21.1,77,1006.2,7.2,314,1.0,Berawan
17.7,94,1008.1,23.4,77,4.5,Berawan
31.4,70,1010.8,6.9,80,0.0,Cerah
31.4,87,1012.6,9.8,159,4.5,Berawan
29.2,80,1012.4,20.3,29,3.3,Berawan
20.4,59,1008.1,28.9,311,2.9,Berawan
31.6,86,1007.0,4.2,136,2.9,Berawan
25.7,97,1009.1,15.5,287,2.4,Berawan
29.7,77,1004.7,26.7,27,3.4,Berawan
31.6,60,1005.4,12.1,9,0.0,Cerah
31.0,87,1005.6,22.0,181,3.1,Berawan
29.5,82,1009.4,11.6,98,2.7,Berawan
23.6,60,1005.4,15.6,320,0.0,Cerah
21.1,88,1007.5,6.2,116,16.6,Hujan
21.7,61,1004.1,11.9,129,0.0,Cerah
26.8,94,1011.4,22.7,88,1.4,Berawan
29.6,66,1011.7,4.1,227,0.0,Cerah
19.4,73,1005.2,21.5,241,4.8,Berawan
27.2,75,1012.6,25.5,354,3.5,Berawan
28.3,76,1010.6,24.1,162,4.1,Berawan
22.2,80,1011.7,19.3,101,0.3,Berawan
23.3,72,1012.7,17.1,163,0.0,Cerah
23.6,83,1010.0,24.1,72,0.6,Berawan
21.5,70,1011.6,3.9,286,0.0,Cerah
30.8,72,1009.5,22.5,196,2.2,Berawan
18.6,91,1010.9,21.9,177,2.9,Berawan
28.5,75,1007.9,25.6,74,0.4,Berawan
30.8,94,1005.6,27.7,211,0.7,Berawan
16.5,62,1008.0,13.7,100,0.0,Cerah
17.5,84,1007.1,12.6,73,2.0,Berawan
26.9,91,1005.1,12.1,250,4.5,Berawan
19.0,76,1009.7,17.6,347,1.8,Berawan
27.0,85,1006.1,5.5,242,4.7,Berawan
26.7,85,1007.1,22.4,48,0.4,Berawan
17.9,97,1004.0,15.6,16,40.7,Hujan
26.1,64,1006.2,15.8,170,0.0,Cerah
16.2,80,1012.0,3.3,148,0.5,Berawan
28.1,79,1005.9,18.9,316,1.2,Berawan
31.2,81,1010.7,28.7,259,0.5,Berawan
23.9,57,1005.0,10.2,154,0.0,Cerah
29.8,61,1008.2,3.2,318,0.0,Cerah
22.6,97,1007.7,13.8,274,45.7,Hujan
27.9,88,1010.3,10.1,196,1.7,Berawan
31.6,74,1009.5,24.2,35,0.1,Berawan
30.2,69,1006.7,17.6,123,0.0,Cerah
24.9,71,1009.7,3.6,125,0.0,Cerah
18.2,86,1012.5,25.2,297,2.9,Berawan
21.8,59,1009.2,5.9,161,0.0,Cerah
17.0,67,1005.3,3.6,39,0.0,Cerah
25.4,77,1009.2,11.7,266,0.5,Berawan
16.7,67,1011.9,28.1,189,4.2,Berawan
17.8,63,1007.8,19.8,60,0.7,Berawan
31.8,79,1006.7,18.2,311,1.4,Berawan
29.3,73,1006.8,24.1,291,3.8,Berawan
26.5,64,1004.1,29.6,25,4.7,Berawan
17.6,62,1005.0,26.0,272,2.0,Berawan
23.0,67,1011.4,6.9,157,0.0,Cerah
16.8,85,1009.4,21.4,52,2.5,Berawan
24.8,79,1012.2,6.1,297,4.2,Berawan
23.1,80,1007.5,28.3,238,1.9,Berawan
28.1,56,1013.0,26.9,53,3.5,Berawan
16.1,73,1011.6,9.4,302,0.0,Cerah
22.3,96,1004.7,20.2,232,36.9,Hujan
31.3,63,1009.1,28.0,20,2.8,Berawan
31.3,64,1006.7,12.4,98,0.0,Cerah
24.8,84,1007.4,10.6,73,3.7,Berawan
23.9,60,1011.8,13.4,132,0.0,Cerah
26.0,91,1011.1,25.0,223,0.1,Berawan
25.8,67,1008.7,22.8,266,2.8,Berawan
27.6,66,1006.6,27.7,176,0.9,Berawan
25.0,69,1006.3,24.1,301,3.4,Berawan
19.0,82,1011.1,5.2,347,1.4,Berawan
30.6,78,1012.5,13.3,88,3.7,Berawan
25.6,95,1006.4,7.9,359,3.6,Berawan
21.0,81,1009.3,23.4,328,3.8,Berawan
16.6,86,1009.9,15.9,29,3.0,Berawan
20.7,74,1008.5,18.6,252,1.3,Berawan
26.8,80,1009.4,3.2,24,4.7,Berawan
16.5,90,1010.7,10.4,327,4.2,Berawan
16.9,68,1012.0,23.4,194,1.2,Berawan
30.7,72,1009.6,25.0,232,0.3,Berawan
25.9,69,1009.8,4.8,205,0.0,Cerah
30.5,63,1011.8,24.6,201,4.8,Berawan
26.4,55,1010.3,7.6,270,0.0,Cerah
31.7,67,1012.6,21.7,103,0.2,Berawan
23.9,74,1012.1,16.0,172,0.0,Cerah
19.7,66,1011.1,19.4,36,1.3,Berawan
20.0,89,1004.1,6.6,283,13.0,Hujan
22.0,58,1010.7,18.2,289,4.7,Berawan
19.0,58,1011.5,16.9,1,0.0,Cerah
22.9,56,1009.2,13.6,338,0.0,Cerah
29.5,66,1005.8,19.4,152,1.1,Berawan
19.8,77,1006.6,5.3,316,4.1,Berawan
23.8,57,1011.5,29.7,245,0.7,Berawan
20.7,81,1005.1,24.6,95,4.3,Berawan
27.1,71,1010.6,6.3,45,0.0,Cerah
19.8,96,1004.2,24.2,183,22.9,Hujan
17.5,79,1010.5,27.8,338,3.6,Berawan
27.1,81,1004.2,21.9,133,1.8,Berawan
16.7,59,1006.7,17.1,114,0.0,Cerah
29.4,78,1012.0,25.9,327,3.8,Berawan
30.5,74,1006.2,27.6,204,3.1,Berawan
24.1,58,1010.3,19.8,102,2.9,Berawan
24.5,63,1011.4,15.8,19,0.0,Cerah
22.0,76,1011.0,24.7,288,4.8,Berawan
24.4,77,1009.0,20.8,165,0.3,Berawan
28.2,88,1006.3,4.6,140,0.5,Berawan
22.2,87,1006.7,23.4,31,27.4,Hujan
17.7,63,1008.3,29.6,286,2.3,Berawan
23.0,97,1010.5,29.8,290,4.3,Berawan
30.9,89,1011.4,22.6,194,2.5,Berawan
29.3,85,1005.9,14.0,344,0.2,Berawan
17.4,81,1008.5,19.4,80,0.3,Berawan
19.0,63,1010.9,28.2,69,2.0,Berawan
26.8,82,1006.4,18.4,237,3.4,Berawan
31.5,61,1006.7,14.0,313,0.0,Cerah
19.6,81,1007.8,16.5,259,2.4,Berawan
29.0,68,1012.4,10.8,276,0.0,Cerah
24.5,85,1010.3,8.4,2,0.4,Berawan
29.5,82,1009.5,17.7,188,3.5,Berawan
28.6,91,1006.8,16.9,257,1.1,Berawan
16.6,90,1008.9,28.9,152,0.7,Berawan
29.4,70,1009.9,3.7,97,0.0,Cerah
17.8,56,1011.1,8.3,9,0.0,Cerah
31.0,70,1007.9,16.1,275,0.0,Cerah
17.6,97,1008.0,17.1,275,46.9,Hujan
16.4,69,1012.0,13.8,2,0.0,Cerah
18.6,58,1008.0,19.5,156,0.7,Berawan
25.5,89,1006.8,26.7,219,0.8,Berawan
23.5,74,1009.5,4.4,191,0.0,Cerah
18.6,62,1011.5,16.9,63,0.0,Cerah
29.3,90,1007.9,6.5,231,0.9,Berawan
24.1,68,1005.5,19.3,125,2.1,Berawan
19.2,94,1007.8,6.7,30,34.3,Hujan
17.1,66,1007.4,5.4,103,0.0,Cerah
23.4,93,1008.6,22.1,188,2.5,Berawan
22.8,69,1008.5,21.3,83,1.9,Berawan
20.1,83,1007.8,23.4,355,4.4,Berawan
28.4,67,1009.9,29.0,67,0.5,Berawan
24.4,85,1007.9,15.4,226,3.5,Berawan
31.2,58,1011.2,29.9,29,1.4,Berawan
22.5,68,1009.3,10.1,3,0.0,Cerah
23.1,92,1012.8,5.1,153,3.2,Berawan
24.6,67,1010.2,24.3,238,2.5,Berawan
21.3,57,1009.9,16.7,1,0.0,Cerah
20.8,83,1012.2,7.5,256,3.9,Berawan
21.5,67,1010.4,18.5,84,2.3,Berawan
26.4,88,1011.5,6.8,58,2.0,Berawan
25.0,65,1010.0,29.9,32,0.7,Berawan
21.9,63,1007.4,24.4,299,0.8,Berawan
19.9,87,1013.0,20.0,86,2.5,Berawan
18.5,84,1009.8,28.9,134,0.3,Berawan
20.2,59,1011.6,12.0,100,0.0,Cerah
21.1,61,1006.4,9.0,83,0.0,Cerah
31.4,64,1009.7,21.5,279,1.2,Berawan
19.1,82,1005.2,24.9,115,2.3,Berawan
30.0,87,1005.0,9.9,255,4.6,Berawan
25.8,74,1009.1,14.8,35,0.0,Cerah
21.7,84,1006.0,19.8,1,0.4,Berawan
31.8,93,1004.8,19.3,111,1.7,Berawan
27.4,79,1012.9,26.2,99,2.0,Berawan
16.7,61,1007.1,21.3,153,1.2,Berawan
19.3,88,1011.0,13.5,195,3.2,Berawan
16.6,68,1007.6,14.2,48,0.0,Cerah
16.4,91,1012.5,29.8,181,0.3,Berawan
19.2,57,1010.5,4.2,18,0.0,Cerah
21.8,91,1005.5,19.0,28,40.6,Hujan
25.3,87,1005.7,22.2,204,2.7,Berawan
29.2,82,1005.2,17.9,311,1.8,Berawan
25.3,70,1011.3,9.1,351,0.0,Cerah
28.6,70,1005.3,28.1,166,2.3,Berawan
16.5,80,1007.3,8.2,205,0.5,Berawan
27.2,75,1012.2,12.7,142,0.9,Berawan
17.3,63,1005.6,10.2,263,0.0,Cerah
18.9,61,1007.8,14.7,339,0.0,Cerah
19.6,69,1011.0,26.5,39,2.9,Berawan
24.9,80,1012.3,23.6,318,4.6,Berawan
23.1,74,1012.2,14.7,285,0.0,Cerah
28.9,79,1011.2,21.7,14,4.1,Berawan
21.6,79,1009.8,15.6,240,0.8,Berawan
24.6,89,1009.8,29.6,334,2.4,Berawan
21.0,72,1012.6,13.4,308,0.0,Cerah
19.9,94,1011.2,11.4,55,3.8,Berawan
23.0,79,1012.3,8.2,214,2.1,Berawan
19.8,90,1006.3,25.6,57,34.6,Hujan
28.3,62,1008.6,24.8,143,0.4,Berawan
30.7,78,1007.5,18.3,193,2.0,Berawan
30.1,87,1007.5,16.6,108,3.8,Berawan
22.1,86,1009.8,29.8,137,4.4,Berawan
18.1,66,1008.8,8.7,251,0.0,Cerah
20.3,78,1004.1,12.1,167,2.6,Berawan
17.8,59,1008.6,4.9,41,0.0,Cerah
17.7,68,1009.0,26.5,33,2.1,Berawan
29.8,69,1004.3,12.3,299,0.0,Cerah
21.8,78,1012.1,7.4,136,4.2,Berawan
30.9,80,1007.2,23.3,246,4.8,Berawan
26.4,64,1006.7,25.5,41,1.2,Berawan
22.0,75,1007.2,26.6,246,0.4,Berawan
22.5,85,1010.0,22.3,39,0.4,Berawan
26.9,87,1008.8,4.7,258,2.3,Berawan
24.2,91,1005.2,21.8,186,1.9,Berawan
22.5,76,1007.4,10.2,106,1.4,Berawan
24.9,65,1004.7,17.3,231,0.0,Cerah
16.7,87,1012.3,18.1,218,4.7,Berawan
27.9,97,1008.1,17.7,217,4.2,Berawan
22.1,74,1012.8,5.0,167,0.0,Cerah
27.7,96,1007.8,10.9,41,0.4,Berawan
18.8,95,1005.4,17.0,22,40.3,Hujan
27.9,88,1005.8,21.1,149,3.6,Berawan
25.6,55,1004.0,10.3,257,0.0,Cerah
17.1,78,1005.9,27.0,119,4.6,Berawan
22.1,93,1004.8,4.3,173,38.1,Hujan
28.9,89,1008.2,28.3,306,4.8,Berawan
30.8,78,1010.7,13.3,340,1.9,Berawan
29.0,71,1004.1,18.0,128,4.3,Berawan
22.0,62,1008.1,29.0,115,4.2,Berawan
25.7,74,1012.7,18.4,100,2.4,Berawan
25.3,65,1008.2,8.2,160,0.0,Cerah
24.2,59,1008.7,13.7,11,0.0,Cerah
16.3,87,1008.9,17.2,28,2.8,Berawan
25.8,94,1009.2,17.9,18,1.2,Berawan
31.4,65,1011.2,22.2,342,2.3,Berawan
17.7,97,1006.4,19.8,277,10.8,Hujan
16.6,94,1004.0,25.2,116,28.9,Hujan
17.2,97,1005.9,17.5,109,46.7,Hujan
28.5,70,1005.6,13.9,29,0.0,Cerah
25.9,70,1004.4,25.5,227,0.7,Berawan
26.1,88,1012.3,7.3,227,4.0,Berawan
22.9,90,1007.4,22.5,73,49.0,Hujan
30.3,86,1010.8,24.7,206,2.6,Berawan
20.7,75,1011.9,15.7,108,0.0,Cerah
16.9,71,1012.1,8.6,7,0.0,Cerah
30.5,71,1010.1,9.3,74,0.0,Cerah
30.3,89,1006.9,14.3,109,4.6,Berawan
27.4,70,1004.5,15.0,206,0.0,Cerah
24.8,70,1011.7,24.0,47,2.8,Berawan
19.9,97,1006.5,6.8,132,31.4,Hujan
27.4,77,1011.4,26.4,238,4.5,Berawan
21.4,91,1005.6,23.9,94,16.7,Hujan
17.7,55,1004.3,7.2,216,0.0,Cerah
18.7,79,1009.7,14.7,267,1.6,Berawan
32.0,83,1004.1,12.0,187,3.1,Berawan
16.3,90,1011.7,18.9,204,0.2,Berawan
31.3,88,1004.4,18.6,88,2.8,Berawan
26.1,97,1007.3,17.5,37,2.6,Berawan
27.7,92,1011.9,25.5,215,0.6,Berawan
16.3,62,1008.5,12.0,217,0.0,Cerah
30.6,74,1004.1,9.8,98,0.0,Cerah
21.7,94,1004.3,3.1,335,12.5,Hujan
29.3,85,1007.2,15.6,322,3.1,Berawan
23.2,72,1011.6,14.1,84,0.0,Cerah
19.2,90,1004.9,16.0,279,29.5,Hujan
28.4,80,1008.7,22.5,199,4.0,Berawan
26.0,65,1012.1,12.3,188,0.0,Cerah
29.2,93,1012.5,27.3,132,1.9,Berawan
27.3,68,1012.5,25.7,38,0.3,Berawan
19.4,59,1010.0,24.3,287,1.6,Berawan
18.1,98,1006.0,24.5,166,22.1,Hujan
16.6,64,1006.3,14.4,304,0.0,Cerah
25.9,56,1008.0,25.7,277,2.5,Berawan
29.0,76,1009.4,6.4,53,3.4,Berawan
29.7,57,1005.2,22.3,345,3.9,Berawan
17.1,75,1005.7,24.2,6,0.6,Berawan
19.3,68,1012.1,5.4,337,0.0,Cerah
18.8,68,1006.9,13.0,94,0.0,Cerah
31.9,66,1009.4,27.5,340,3.0,Berawan
26.6,71,1005.1,25.9,170,4.1,Berawan
22.1,96,1004.5,12.1,132,46.8,Hujan
27.7,67,1007.9,18.9,263,3.0,Berawan
20.6,91,1010.1,22.5,206,0.8,Berawan
27.4,67,1009.3,17.6,61,0.0,Cerah
16.0,61,1008.4,26.2,348,3.9,Berawan
25.4,76,1004.8,27.7,174,1.8,Berawan
16.9,89,1005.5,29.5,52,19.5,Hujan
20.8,88,1011.5,19.2,208,1.2,Berawan
23.8,73,1010.3,5.6,322,0.0,Cerah
30.2,90,1008.5,11.7,242,4.1,Berawan
18.4,76,1010.0,19.5,128,0.7,Berawan
18.8,94,1006.1,7.9,84,45.7,Hujan
25.4,84,1008.8,3.1,207,0.5,Berawan
24.4,74,1009.5,12.0,163,0.0,Cerah
23.2,95,1006.2,16.2,108,49.4,Hujan
21.5,81,1009.9,11.2,53,0.5,Berawan
23.1,62,1005.5,17.6,192,0.0,Cerah
24.3,61,1011.8,18.6,197,1.5,Berawan
24.9,87,1012.1,29.6,51,0.5,Berawan
18.1,74,1004.2,10.1,52,0.0,Cerah
21.2,76,1011.5,21.4,128,1.7,Berawan
22.2,66,1006.8,23.8,101,4.3,Berawan
24.4,68,1004.8,7.0,328,0.0,Cerah
21.4,95,1010.5,5.0,346,3.3,Berawan
19.1,79,1006.7,25.2,115,1.8,Berawan
29.4,73,1009.8,15.0,307,0.0,Cerah
25.1,58,1010.4,3.9,324,0.0,Cerah
29.6,96,1008.1,13.2,197,2.1,Berawan
29.1,67,1009.3,22.9,101,1.7,Berawan
31.9,93,1009.2,5.4,334,4.7,Berawan
27.6,80,1011.2,11.4,108,4.0,Berawan
21.4,63,1007.3,18.8,200,1.1,Berawan
18.3,70,1004.5,19.5,24,0.4,Berawan
25.1,81,1005.1,24.2,174,4.0,Berawan
28.2,70,1006.1,13.4,323,0.0,Cerah
29.3,58,1011.0,16.6,115,0.0,Cerah
19.0,62,1009.7,13.2,352,0.0,Cerah
26.6,90,1004.4,13.7,91,2.8,Berawan
17.2,56,1005.1,26.7,348,0.8,Berawan
26.4,93,1007.9,26.5,108,0.7,Berawan
23.2,93,1004.7,28.5,351,29.0,Hujan
23.6,57,1008.9,12.9,40,0.0,Cerah
18.7,80,1011.2,18.8,135,3.3,Berawan
28.5,93,1009.5,22.2,289,0.8,Berawan
24.7,60,1006.6,20.3,158,3.9,Berawan
22.0,84,1012.1,6.0,69,0.6,Berawan
19.6,88,1011.9,7.0,116,0.6,Berawan
29.9,94,1012.8,4.7,315,1.7,Berawan
24.2,66,1008.4,29.8,249,4.5,Berawan
23.8,98,1004.6,21.0,106,22.2,Hujan
25.1,58,1009.0,22.3,346,4.6,Berawan
26.1,88,1012.3,25.9,36,1.0,Berawan
23.8,65,1006.1,23.0,341,3.1,Berawan
18.0,63,1004.6,22.5,78,0.3,Berawan
24.8,57,1010.3,8.3,70,0.0,Cerah
25.5,94,1010.5,6.3,310,1.2,Berawan
31.1,72,1009.1,9.5,182,0.0,Cerah
27.8,82,1007.6,22.6,60,3.6,Berawan
19.8,75,1007.0,7.4,89,0.0,Cerah
20.3,94,1010.5,13.4,45,1.5,Berawan
29.7,71,1008.8,5.3,300,0.0,Cerah
21.8,70,1008.4,18.5,230,2.1,Berawan
25.9,62,1012.6,5.5,232,0.0,Cerah
27.7,95,1005.1,5.1,79,2.6,Berawan
17.0,76,1004.2,19.5,37,2.3,Berawan
22.4,66,1007.5,22.2,287,2.4,Berawan
27.3,77,1009.7,24.5,56,0.1,Berawan
31.3,68,1008.6,5.0,197,0.0,Cerah
18.0,86,1004.3,26.4,22,38.7,Hujan
17.2,70,1004.1,16.7,32,0.0,Cerah
31.8,78,1007.2,29.1,207,4.8,Berawan
28.9,94,1007.5,25.4,318,2.3,Berawan
28.5,79,1011.2,7.7,55,3.7,Berawan
16.1,59,1012.6,5.7,313,0.0,Cerah
30.1,64,1009.5,27.3,359,2.6,Berawan
31.4,85,1005.0,23.3,106,3.9,Berawan
20.5,92,1006.4,9.9,167,20.9,Hujan
27.4,89,1012.6,8.7,238,4.2,Berawan
28.5,78,1004.6,19.8,220,4.5,Berawan
20.0,73,1005.3,19.7,146,3.6,Berawan
29.9,59,1012.3,21.6,46,0.3,Berawan
31.3,72,1006.2,11.6,191,0.0,Cerah
19.4,86,1005.0,3.4,353,38.0,Hujan
28.4,86,1005.6,18.0,80,0.8,Berawan
27.8,79,1005.4,4.0,202,4.9,Berawan
32.0,84,1007.8,16.9,85,3.1,Berawan
16.9,77,1007.5,26.6,241,2.0,Berawan
21.8,98,1009.4,15.2,143,1.4,Berawan
26.8,92,1004.4,19.4,359,1.6,Berawan
27.1,75,1012.9,24.2,188,0.6,Berawan
17.8,76,1008.0,9.7,302,2.3,Berawan
29.4,95,1009.8,4.2,218,1.3,Berawan
28.7,96,1011.2,16.1,19,3.6,Berawan
20.0,69,1011.7,20.9,76,3.2,Berawan
20.1,57,1009.2,24.6,330,4.1,Berawan
31.4,76,1007.4,20.7,0,2.1,Berawan
18.3,64,1006.4,9.5,276,0.0,Cerah
26.9,75,1011.2,8.2,20,0.0,Cerah
24.0,81,1006.4,29.2,203,1.2,Berawan
20.5,63,1006.2,9.2,40,0.0,Cerah
22.5,87,1011.6,18.4,334,1.4,Berawan
31.8,57,1009.9,7.3,162,0.0,Cerah
22.7,56,1010.8,3.7,252,0.0,Cerah
22.6,89,1009.2,7.9,22,4.9,Berawan
24.4,57,1006.3,16.4,344,0.0,Cerah
24.7,94,1004.5,26.4,245,0.3,Berawan
22.6,93,1007.6,18.8,339,28.2,Hujan
26.9,90,1008.3,22.7,338,2.0,Berawan
21.0,72,1009.9,29.7,192,0.6,Berawan
25.7,82,1004.6,24.9,264,3.5,Berawan
16.3,92,1007.4,5.4,77,36.0,Hujan
24.4,82,1006.4,14.8,127,1.6,Berawan
17.7,91,1004.5,26.0,133,27.5,Hujan
23.7,57,1012.3,20.6,95,3.0,Berawan
21.8,77,1006.5,25.0,350,1.4,Berawan
30.8,80,1012.0,18.2,331,4.9,Berawan
27.0,72,1009.5,5.4,302,0.0,Cerah
29.9,61,1006.4,6.8,0,0.0,Cerah
31.3,97,1007.4,6.2,47,2.4,Berawan
29.1,55,1007.6,6.7,282,0.0,Cerah
19.8,88,1009.9,27.1,228,3.7,Berawan
24.6,56,1008.2,7.8,172,0.0,Cerah
27.1,83,1006.3,20.3,286,1.4,Berawan
25.2,73,1012.6,24.2,257,3.0,Berawan
17.3,67,1005.4,5.1,123,0.0,Cerah
27.3,59,1010.9,13.7,253,0.0,Cerah
22.6,72,1008.0,27.8,69,2.9,Berawan
16.7,86,1011.4,5.1,201,1.6,Berawan
23.7,72,1005.9,25.2,102,3.9,Berawan
21.3,80,1005.1,26.0,179,3.3,Berawan
22.6,95,1007.2,3.7,256,17.2,Hujan
19.8,79,1008.5,14.7,17,0.8,Berawan
25.9,69,1007.6,21.2,127,2.7,Berawan
29.3,65,1008.9,5.6,277,0.0,Cerah
26.3,95,1004.3,4.0,333,2.2,Berawan
18.9,91,1009.6,9.8,171,2.1,Berawan
16.1,73,1005.5,16.0,162,0.0,Cerah
17.2,74,1008.8,25.0,336,4.5,Berawan
27.2,77,1012.1,11.1,64,1.6,Berawan
24.2,85,1004.7,6.9,300,3.2,Berawan
28.5,85,1009.4,16.8,47,4.0,Berawan
20.8,62,1006.2,26.5,227,2.4,Berawan
30.7,62,1004.7,5.7,42,0.0,Cerah
24.1,62,1005.9,24.2,151,3.5,Berawan
27.1,95,1011.4,22.7,111,4.6,Berawan
28.8,56,1011.0,18.6,257,3.5,Berawan
26.7,68,1007.4,11.4,104,0.0,Cerah
24.1,60,1006.3,6.8,195,0.0,Cerah
18.8,84,1007.3,15.6,156,1.2,Berawan
23.1,82,1005.7,10.5,230,3.5,Berawan
24.9,95,1009.6,4.1,34,2.5,Berawan
29.6,89,1004.9,17.2,1,3.8,Berawan
21.2,56,1008.7,5.3,292,0.0,Cerah
29.7,89,1005.6,26.0,173,3.7,Berawan
27.2,83,1011.6,27.5,241,0.4,Berawan
30.8,96,1006.9,27.4,26,2.6,Berawan
19.0,56,1007.7,13.1,40,0.0,Cerah
24.6,83,1006.4,13.7,353,3.4,Berawan
16.7,85,1004.1,11.0,242,3.9,Berawan
30.9,65,1012.8,10.0,114,0.0,Cerah
26.6,96,1004.9,16.0,281,3.2,Berawan
22.7,91,1009.3,27.2,102,3.4,Berawan
19.1,92,1006.6,9.0,285,20.8,Hujan
20.2,83,1004.3,25.2,231,4.7,Berawan
24.0,84,1012.6,23.2,235,4.7,Berawan
21.5,67,1011.4,24.3,297,0.5,Berawan
25.3,66,1006.1,14.8,223,0.0,Cerah
28.9,71,1006.4,14.9,95,0.0,Cerah
24.7,70,1010.7,21.3,256,3.1,Berawan
23.8,70,1011.8,24.8,89,1.3,Berawan
30.3,85,1012.8,4.9,124,2.0,Berawan
26.2,92,1009.0,17.3,135,4.6,Berawan
18.2,97,1009.2,13.5,27,4.0,Berawan
18.5,92,1004.8,6.0,125,30.6,Hujan
19.7,76,1005.5,14.2,213,0.2,Berawan
18.3,91,1006.0,11.9,235,34.5,Hujan
19.0,64,1008.0,28.3,330,0.1,Berawan
19.0,72,1011.2,8.7,56,0.0,Cerah
21.6,62,1004.1,26.2,70,1.3,Berawan
21.6,72,1004.6,23.3,278,0.8,Berawan
31.5,94,1011.6,3.4,264,3.5,Berawan
26.9,73,1007.5,18.2,2,2.8,Berawan
25.6,90,1005.0,20.7,214,0.5,Berawan
26.5,64,1012.8,20.2,200,4.7,Berawan
26.4,70,1012.7,28.1,58,4.2,Berawan
27.2,89,1008.0,24.3,29,3.3,Berawan
30.0,66,1004.8,10.1,259,0.0,Cerah
23.8,90,1004.5,19.8,293,48.1,Hujan
16.3,65,1010.3,9.6,24,0.0,Cerah
22.0,83,1012.7,16.9,214,2.0,Berawan
19.9,82,1004.5,19.6,66,2.9,Berawan
25.7,93,1007.4,7.0,47,0.9,Berawan
27.2,72,1012.5,18.2,41,2.7,Berawan
29.7,72,1009.5,22.0,64,4.3,Berawan
29.2,73,1006.9,18.8,256,2.2,Berawan
16.4,58,1005.4,4.2,33,0.0,Cerah
16.6,94,1008.3,26.9,231,1.6,Berawan
28.3,90,1009.4,8.2,72,0.6,Berawan
20.5,95,1012.7,28.6,265,0.6,Berawan
25.1,60,1007.1,4.7,244,0.0,Cerah
31.0,93,1011.7,6.5,168,4.7,Berawan
23.8,87,1005.6,28.5,103,27.2,Hujan
18.0,67,1007.6,10.2,272,0.0,Cerah
25.2,61,1008.9,6.9,192,0.0,Cerah
27.8,94,1010.5,5.9,200,2.9,Berawan
28.4,94,1011.6,4.0,25,2.2,Berawan
29.3,92,1012.3,4.8,35,4.3,Berawan
21.3,93,1007.9,21.7,133,28.0,Hujan
31.7,64,1004.3,25.9,289,2.2,Berawan
22.1,88,1004.9,11.9,55,40.5,Hujan
20.1,79,1007.6,7.2,190,1.2,Berawan
29.2,55,1007.3,24.0,204,3.9,Berawan
31.0,60,1006.7,18.8,0,2.9,Berawan
30.5,55,1007.7,23.3,185,1.1,Berawan
26.5,60,1009.7,19.4,156,3.8,Berawan
30.4,59,1012.0,6.3,181,0.0,Cerah
22.9,76,1012.2,9.1,94,2.0,Berawan
28.1,66,1009.1,23.6,290,1.8,Berawan
31.3,63,1008.9,10.2,275,0.0,Cerah
29.3,75,1006.1,26.3,88,2.1,Berawan
17.0,64,1008.0,25.5,212,4.6,Berawan
21.4,88,1006.2,15.3,13,49.3,Hujan
29.1,68,1009.2,13.2,265,0.0,Cerah
21.4,92,1004.8,4.8,49,16.6,Hujan
24.6,65,1009.1,23.2,317,3.9,Berawan
23.1,95,1009.0,24.4,306,1.6,Berawan
31.8,85,1006.8,23.5,113,2.2,Berawan
18.2,94,1012.2,7.5,53,1.2,Berawan
20.2,76,1011.9,13.0,285,2.5,Berawan
16.7,57,1008.8,19.2,79,0.1,Berawan
25.3,86,1012.6,21.2,115,0.2,Berawan
16.2,56,1011.6,13.8,100,0.0,Cerah
20.3,96,1011.3,5.3,359,0.5,Berawan
18.6,83,1006.7,13.5,178,1.8,Berawan
22.7,64,1004.7,29.5,47,1.3,Berawan
31.7,95,1005.0,8.4,193,3.7,Berawan
31.1,96,1012.4,15.5,297,2.2,Berawan
19.8,80,1012.1,9.3,222,0.3,Berawan
25.4,97,1007.5,23.8,284,4.2,Berawan
25.8,97,1009.9,23.3,234,0.3,Berawan
22.7,80,1011.8,23.2,26,2.7,Berawan
28.1,96,1009.0,9.1,118,4.4,Berawan
25.6,92,1009.0,23.6,271,4.8,Berawan
18.3,92,1011.3,16.6,161,2.4,Berawan
21.4,86,1005.7,4.6,52,27.7,Hujan
26.6,73,1009.2,26.4,255,4.1,Berawan
24.6,57,1004.3,29.2,161,1.6,Berawan
23.0,89,1009.2,7.7,315,1.2,Berawan
22.4,78,1008.0,19.7,183,3.9,Berawan
22.9,95,1008.6,6.2,31,3.8,Berawan
22.3,80,1008.5,11.8,81,2.2,Berawan
30.1,91,1007.8,11.3,151,2.6,Berawan
23.1,72,1007.0,18.6,63,4.0,Berawan
23.3,79,1011.4,28.8,92,0.3,Berawan
31.0,62,1006.6,12.8,105,0.0,Cerah
25.3,88,1012.0,20.3,302,2.5,Berawan
16.4,60,1009.9,28.5,10,3.3,Berawan
24.1,74,1010.6,25.8,216,0.2,Berawan
21.3,59,1009.1,22.8,309,3.5,Berawan
18.1,58,1009.3,10.8,249,0.0,Cerah
31.2,63,1007.0,19.3,271,2.3,Berawan
20.7,71,1009.3,9.6,0,0.0,Cerah
19.7,69,1008.4,19.1,269,0.2,Berawan
29.3,57,1007.2,22.0,170,2.3,Berawan
27.5,74,1009.3,17.4,282,0.0,Cerah
20.4,64,1009.8,11.9,72,0.0,Cerah
30.3,92,1010.6,11.2,162,0.7,Berawan
30.0,70,1008.3,16.8,40,0.0,Cerah
19.6,77,1004.9,23.3,157,1.5,Berawan
18.8,72,1012.0,19.3,260,4.5,Berawan
23.0,75,1008.5,15.6,148,2.0,Berawan
22.0,78,1004.6,27.6,172,0.1,Berawan
29.0,98,1006.9,10.0,303,4.3,Berawan
31.6,76,1010.0,16.3,46,2.0,Berawan
28.3,79,1007.8,5.1,356,1.7,Berawan
22.5,60,1010.3,12.8,79,0.0,Cerah
22.5,83,1011.6,27.6,69,3.5,Berawan
29.4,57,1012.8,18.0,29,0.7,Berawan
22.8,89,1011.1,4.8,193,2.9,Berawan
26.1,91,1008.1,18.1,72,3.3,Berawan
28.3,80,1004.1,22.4,67,1.9,Berawan
24.5,94,1008.9,3.5,6,4.7,Berawan
18.5,80,1011.6,12.0,292,1.0,Berawan
21.5,68,1008.7,29.8,214,3.0,Berawan
26.8,83,1005.8,6.3,305,3.6,Berawan
17.7,63,1006.5,17.3,243,0.0,Cerah
20.2,86,1004.9,3.1,61,41.8,Hujan
29.9,88,1009.8,16.7,85,4.7,Berawan
17.7,64,1007.7,22.9,290,0.2,Berawan
24.8,93,1005.9,17.2,309,2.1,Berawan
25.4,84,1010.4,27.5,206,1.6,Berawan
26.6,61,1011.0,18.0,177,0.0,Cerah
24.9,84,1010.1,6.1,84,3.3,Berawan
28.4,64,1011.0,10.9,57,0.0,Cerah
30.3,60,1009.0,12.1,232,0.0,Cerah
23.8,64,1005.3,3.7,134,0.0,Cerah
27.7,95,1006.2,13.4,354,2.0,Berawan
26.3,86,1011.9,17.6,108,2.2,Berawan
21.4,58,1012.0,14.4,20,0.0,Cerah
28.1,80,1004.5,4.8,200,2.2,Berawan
23.1,67,1012.9,23.7,106,1.9,Berawan
24.7,66,1011.1,14.2,329,0.0,Cerah
22.6,83,1004.3,17.0,125,0.5,Berawan
18.8,70,1007.4,7.9,174,0.0,Cerah
29.1,89,1005.1,18.7,155,2.5,Berawan
30.5,96,1007.2,6.2,70,4.2,Berawan
21.1,88,1004.1,25.8,18,31.8,Hujan
31.6,95,1008.7,24.7,133,2.2,Berawan
22.3,85,1009.3,22.0,233,2.2,Berawan
31.2,68,1011.2,19.0,82,0.9,Berawan
20.6,93,1011.6,9.3,54,4.1,Berawan
31.6,82,1008.9,17.5,236,4.3,Berawan
29.7,87,1006.6,11.1,321,3.3,Berawan
32.0,85,1007.0,26.4,338,0.3,Berawan
29.2,75,1012.5,17.2,354,2.6,Berawan
20.7,76,1006.1,19.5,197,2.5,Berawan
25.5,78,1010.2,6.6,193,1.6,Berawan
30.8,76,1011.2,28.7,66,0.3,Berawan
20.4,89,1004.4,16.4,164,35.7,Hujan
16.5,58,1008.9,17.8,326,0.0,Cerah
20.0,85,1004.3,22.7,281,2.7,Berawan
27.1,96,1011.1,6.3,54,4.0,Berawan
23.0,84,1005.3,10.8,67,1.3,Berawan
21.7,96,1010.7,17.6,199,1.9,Berawan
17.9,72,1005.1,6.7,62,0.0,Cerah
28.6,76,1008.4,20.8,306,3.9,Berawan
20.3,76,1009.2,17.4,210,0.8,Berawan
27.0,61,1010.9,19.8,151,1.5,Berawan
24.6,87,1006.1,7.1,102,2.5,Berawan
29.5,87,1009.2,16.6,188,3.8,Berawan
18.1,72,1006.3,27.7,141,1.3,Berawan
19.7,94,1005.6,16.6,95,39.7,Hujan
20.9,90,1011.2,13.5,241,4.3,Berawan
31.7,65,1010.0,18.7,325,4.1,Berawan
22.2,86,1010.8,5.3,110,0.6,Berawan
27.2,69,1006.6,27.2,136,2.3,Berawan
28.2,83,1005.7,25.4,123,4.5,Berawan
31.0,75,1004.1,7.6,153,3.1,Berawan
27.9,89,1007.2,6.3,308,1.2,Berawan
21.8,85,1009.6,10.7,208,3.8,Berawan
17.0,67,1006.8,18.4,267,4.6,Berawan
28.1,58,1009.3,5.2,334,0.0,Cerah
22.8,66,1008.0,4.7,244,0.0,Cerah
26.6,78,1009.7,27.9,157,1.4,Berawan
21.6,95,1009.8,5.0,83,1.5,Berawan
28.1,56,1010.9,5.2,354,0.0,Cerah
18.4,57,1004.9,14.8,242,0.0,Cerah
17.5,59,1010.4,6.8,211,0.0,Cerah
28.6,68,1004.4,27.7,199,4.5,Berawan
23.1,95,1007.3,28.9,348,11.5,Hujan
22.1,77,1005.8,20.1,183,0.9,Berawan
21.7,80,1008.4,27.9,20,0.2,Berawan
24.8,65,1006.2,20.1,89,0.3,Berawan
25.5,72,1007.6,7.0,295,0.0,Cerah
26.5,78,1011.5,9.2,232,4.6,Berawan
28.0,85,1005.2,8.8,52,1.0,Berawan
21.7,77,1012.4,25.1,228,1.6,Berawan
17.3,90,1004.0,15.7,19,21.2,Hujan
21.5,94,1004.4,3.6,28,28.3,Hujan
25.3,69,1009.8,29.4,66,2.7,Berawan
25.9,60,1005.9,8.1,318,0.0,Cerah
30.0,83,1008.5,6.8,49,3.3,Berawan
29.6,89,1011.8,21.8,332,3.4,Berawan
24.0,59,1004.4,19.1,2,0.4,Berawan
16.8,88,1007.7,19.3,37,14.2,Hujan
24.5,69,1009.1,11.7,0,0.0,Cerah
30.0,79,1010.2,11.7,95,3.2,Berawan
17.8,72,1010.1,27.6,19,1.1,Berawan
23.6,82,1009.8,24.0,49,3.1,Berawan
28.6,73,1010.4,12.0,235,0.0,Cerah
24.1,73,1008.1,14.1,207,0.0,Cerah
31.0,75,1008.6,23.0,92,0.8,Berawan
30.5,62,1007.2,15.6,42,0.0,Cerah
31.5,94,1005.0,15.2,230,2.2,Berawan
26.8,92,1012.9,28.2,200,4.1,Berawan
18.7,66,1009.5,19.9,238,1.4,Berawan
17.0,91,1009.2,7.7,115,1.4,Berawan
16.0,80,1005.7,25.6,171,3.3,Berawan
24.9,65,1006.0,11.4,90,0.0,Cerah
30.1,79,1010.2,5.8,255,1.8,Berawan
30.3,65,1010.7,19.1,143,4.5,Berawan
23.7,77,1012.6,4.6,250,1.3,Berawan
31.9,58,1010.7,4.6,35,0.0,Cerah
26.6,59,1011.1,16.2,10,0.0,Cerah
30.0,69,1005.6,4.2,8,0.0,Cerah
20.1,79,1004.6,4.9,167,2.5,Berawan
23.5,86,1010.1,21.4,71,4.0,Berawan
23.3,71,1009.9,13.0,111,0.0,Cerah
27.0,94,1012.8,5.2,117,1.1,Berawan
26.7,83,1006.7,6.8,4,4.7,Berawan
31.3,93,1012.1,13.7,229,2.5,Berawan
16.1,79,1006.3,4.7,40,1.6,Berawan
16.5,62,1011.6,13.1,52,0.0,Cerah
28.5,66,1010.9,21.0,323,4.0,Berawan
24.0,88,1008.4,24.3,72,2.9,Berawan
24.7,93,1006.5,23.2,301,0.6,Berawan
20.5,76,1007.7,14.2,173,2.1,Berawan
17.9,87,1012.9,3.4,73,2.9,Berawan
17.0,73,1005.4,4.2,20,0.0,Cerah
19.9,71,1007.0,29.4,149,0.2,Berawan
17.7,58,1011.3,12.5,121,0.0,Cerah
25.2,79,1007.4,26.6,264,0.7,Berawan
18.6,76,1006.1,3.5,123,1.7,Berawan
19.0,95,1008.8,12.3,158,4.5,Berawan
26.8,98,1011.9,9.2,14,3.6,Berawan
30.5,78,1010.3,27.3,82,3.2,Berawan
16.4,61,1008.8,12.7,21,0.0,Cerah
16.7,92,1007.5,16.8,114,27.9,Hujan
16.3,88,1008.4,18.2,145,2.8,Berawan
24.3,88,1005.4,13.8,240,3.3,Berawan
30.8,69,1009.8,17.8,109,0.0,Cerah
16.3,69,1006.9,27.5,79,2.7,Berawan
24.7,88,1006.2,7.3,127,2.8,Berawan
24.5,59,1008.5,11.7,346,0.0,Cerah
23.8,93,1011.7,29.6,296,1.1,Berawan
23.1,61,1007.8,22.3,236,4.7,Berawan
26.6,58,1012.4,18.8,61,0.8,Berawan
30.9,94,1008.6,5.0,116,1.1,Berawan
16.7,85,1007.6,25.3,57,0.3,Berawan
24.7,81,1010.2,22.9,87,0.2,Berawan
22.9,59,1010.7,3.7,17,0.0,Cerah
18.9,92,1008.3,11.0,196,1.0,Berawan
26.5,94,1008.7,21.2,222,3.9,Berawan
17.6,64,1008.0,20.4,194,3.4,Berawan
20.1,66,1007.1,19.4,166,3.0,Berawan
22.5,88,1005.9,23.6,122,31.1,Hujan
32.0,65,1012.9,10.3,338,0.0,Cerah
31.4,86,1009.0,7.5,10,3.1,Berawan
20.0,81,1007.5,7.1,305,1.4,Berawan
29.4,82,1006.7,17.9,222,1.5,Berawan
30.6,97,1005.8,16.7,199,1.7,Berawan
27.2,92,1009.7,23.9,236,3.8,Berawan
30.7,70,1010.0,24.0,71,2.7,Berawan
24.0,60,1010.5,23.1,306,1.6,Berawan
19.3,59,1008.2,7.3,220,0.0,Cerah
25.4,85,1007.4,7.7,180,1.5,Berawan
19.1,62,1004.5,8.0,68,0.0,Cerah
16.6,70,1009.0,11.8,355,0.0,Cerah
22.9,75,1011.9,26.4,207,4.1,Berawan
16.2,84,1010.8,4.9,305,1.2,Berawan
24.0,83,1008.9,7.7,51,3.6,Berawan
29.8,76,1008.3,14.2,264,2.7,Berawan
19.6,89,1008.8,11.2,140,0.2,Berawan
20.4,85,1008.3,8.7,288,1.8,Berawan
32.0,76,1010.2,12.6,208,1.2,Berawan
30.6,61,1007.1,27.1,238,0.3,Berawan
26.3,67,1006.2,13.5,150,0.0,Cerah
24.5,57,1005.6,29.2,246,0.3,Berawan
28.4,78,1011.8,7.6,128,1.4,Berawan
26.6,97,1006.5,26.3,320,3.3,Berawan
19.4,88,1005.6,9.7,160,14.7,Hujan
25.2,63,1007.9,26.4,256,0.8,Berawan
28.0,78,1012.0,16.7,1,4.7,Berawan
24.6,89,1006.3,15.7,16,1.4,Berawan
18.5,65,1008.9,22.4,193,1.3,Berawan
19.5,59,1007.8,12.7,22,0.0,Cerah
17.9,83,1009.4,12.8,102,1.1,Berawan
18.5,57,1008.2,18.0,14,0.0,Cerah
29.7,97,1009.6,27.6,22,0.8,Berawan
18.3,55,1004.5,21.5,201,2.4,Berawan
23.5,75,1007.0,21.3,2,3.9,Berawan
21.3,56,1010.4,3.2,85,0.0,Cerah
28.1,61,1006.6,13.3,265,0.0,Cerah
16.0,57,1012.5,25.2,309,0.2,Berawan
20.8,76,1006.5,14.7,195,3.6,Berawan
19.1,79,1010.4,7.0,154,1.9,Berawan
16.9,95,1007.9,13.1,230,40.6,Hujan
24.9,83,1010.3,19.6,208,4.2,Berawan
30.2,92,1008.4,24.6,228,2.8,Berawan
30.8,89,1004.3,3.4,160,1.6,Berawan
18.3,86,1004.6,14.0,143,41.2,Hujan
20.0,88,1012.8,14.9,50,1.4,Berawan
26.8,81,1008.7,27.0,19,4.1,Berawan
22.7,96,1010.7,18.3,162,1.6,Berawan
16.9,60,1009.8,15.3,106,0.0,Cerah
21.3,81,1008.3,8.3,32,0.2,Berawan
17.3,92,1004.0,8.4,107,27.5,Hujan
30.5,64,1011.7,24.2,44,0.9,Berawan
29.3,74,1010.8,20.5,24,1.3,Berawan
23.8,85,1006.7,23.3,190,3.1,Berawan
17.8,93,1012.7,6.9,69,4.7,Berawan
18.1,77,1011.6,18.4,222,4.1,Berawan
18.8,79,1008.0,19.8,200,2.9,Berawan
27.8,64,1007.2,13.9,40,0.0,Cerah
18.0,69,1011.5,20.6,40,3.9,Berawan
18.5,71,1010.2,24.3,228,4.9,Berawan
26.9,72,1010.0,12.8,308,0.0,Cerah
20.6,64,1007.6,8.7,280,0.0,Cerah
28.6,87,1004.0,14.3,281,4.2,Berawan
23.8,91,1012.2,16.3,98,3.8,Berawan
17.7,93,1010.6,29.4,52,2.7,Berawan
28.7,84,1008.9,12.8,71,1.2,Berawan
23.1,90,1005.5,20.6,6,13.0,Hujan
21.5,60,1005.7,17.0,258,0.0,Cerah
20.9,76,1012.8,4.4,326,1.6,Berawan
19.6,71,1010.8,9.8,255,0.0,Cerah
17.7,97,1008.3,5.5,48,2.9,Berawan
29.1,70,1009.2,9.3,271,0.0,Cerah
21.4,74,1009.5,6.9,296,0.0,Cerah
19.9,67,1006.6,5.2,167,0.0,Cerah
19.4,86,1004.9,4.4,263,31.3,Hujan
16.7,57,1004.2,16.1,319,0.0,Cerah
20.5,73,1010.9,29.5,19,3.3,Berawan
27.3,89,1011.5,16.8,349,1.0,Berawan
16.2,65,1008.7,22.4,198,3.1,Berawan
26.4,67,1004.8,11.9,225,0.0,Cerah
22.0,84,1007.1,24.4,199,2.0,Berawan
18.3,79,1010.1,15.3,78,2.7,Berawan
18.0,75,1011.9,11.0,30,0.5,Berawan
18.4,64,1009.4,19.2,5,1.0,Berawan
25.0,76,1007.3,9.9,124,4.4,Berawan
27.0,72,1009.0,29.3,142,3.0,Berawan
26.7,79,1005.9,12.2,138,2.4,Berawan
31.8,55,1005.4,13.2,220,0.0,Cerah
18.1,60,1009.8,17.0,332,0.0,Cerah
17.0,64,1008.9,22.6,170,0.5,Berawan
26.5,80,1011.3,11.5,310,1.6,Berawan
21.2,75,1012.6,13.3,126,0.0,Cerah
20.4,91,1012.3,27.2,81,4.5,Berawan
28.6,74,1009.7,17.9,127,0.0,Cerah
16.8,66,1012.1,16.4,146,0.0,Cerah
17.7,78,1004.2,14.1,262,4.8,Berawan
30.7,58,1008.1,4.5,78,0.0,Cerah
19.3,78,1007.1,26.5,32,2.4,Berawan
31.7,58,1004.2,3.3,212,0.0,Cerah
22.8,73,1007.4,7.0,110,0.0,Cerah
18.2,80,1008.6,4.1,227,3.0,Berawan
16.7,63,1008.6,24.0,4,4.0,Berawan
21.5,74,1011.6,20.8,183,0.4,Berawan
29.5,91,1012.1,14.1,36,3.4,Berawan
24.2,68,1004.4,24.7,126,3.2,Berawan
22.6,60,1009.9,3.9,195,0.0,Cerah
24.2,62,1009.8,5.7,187,0.0,Cerah
28.1,91,1008.4,3.9,7,1.6,Berawan
16.1,63,1011.1,24.5,174,2.8,Berawan
28.1,71,1008.8,22.5,282,1.6,Berawan
21.8,97,1007.8,12.3,11,39.9,Hujan
28.2,87,1004.5,27.2,38,0.2,Berawan
20.9,94,1006.4,15.3,226,45.0,Hujan
30.4,81,1011.5,10.8,72,2.9,Berawan
26.7,90,1007.1,30.0,251,3.5,Berawan
19.6,85,1006.3,10.3,132,4.0,Berawan
19.1,61,1010.8,12.0,17,0.0,Cerah
30.2,95,1004.5,4.1,178,1.0,Berawan
17.5,95,1012.0,16.8,291,0.2,Berawan
24.4,89,1006.6,21.5,111,0.6,Berawan
23.0,63,1006.0,11.8,60,0.0,Cerah
21.1,77,1012.9,24.3,275,2.3,Berawan
27.2,80,1009.8,24.7,38,0.9,Berawan
27.5,62,1005.7,18.4,280,4.2,Berawan
19.6,68,1009.1,23.9,234,3.8,Berawan
24.4,63,1007.8,25.8,331,4.7,Berawan
24.3,62,1012.3,6.4,263,0.0,Cerah
17.3,65,1011.1,15.7,1,0.0,Cerah
31.7,80,1010.6,7.1,264,1.0,Berawan
25.7,72,1007.7,29.7,308,2.0,Berawan
22.5,76,1004.2,7.9,284,0.3,Berawan
29.5,79,1005.2,11.2,176,0.4,Berawan
19.3,87,1006.7,27.4,78,13.8,Hujan
17.2,70,1007.9,25.9,209,2.0,Berawan
16.8,65,1005.6,8.9,355,0.0,Cerah
19.3,80,1009.9,25.3,141,2.5,Berawan
23.3,90,1009.9,23.4,38,1.9,Berawan
26.8,85,1006.2,12.8,272,2.5,Berawan
22.4,67,1004.6,29.3,106,1.5,Berawan
20.9,81,1004.3,8.5,209,3.3,Berawan
24.7,82,1007.8,6.7,283,2.7,Berawan
17.3,65,1008.0,13.6,111,0.0,Cerah
17.0,71,1008.2,18.6,112,4.7,Berawan
28.0,82,1004.8,9.9,150,1.2,Berawan
25.5,67,1013.0,9.9,212,0.0,Cerah
27.9,86,1005.0,28.0,296,4.0,Berawan
23.6,59,1007.4,15.5,342,0.0,Cerah
16.9,92,1011.3,27.8,93,1.4,Berawan
25.5,70,1011.0,25.1,287,0.2,Berawan
20.5,75,1008.6,3.5,230,4.6,Berawan
30.6,64,1007.0,8.6,59,0.0,Cerah
25.6,61,1008.8,10.7,327,0.0,Cerah
17.2,86,1006.5,27.9,247,35.7,Hujan
29.3,94,1006.7,25.6,225,1.6,Berawan
24.0,97,1005.1,9.5,171,16.2,Hujan
22.0,72,1004.9,10.6,321,0.0,Cerah
22.3,66,1010.9,10.4,343,0.0,Cerah
18.7,70,1008.4,7.2,157,0.0,Cerah
19.4,65,1011.2,18.5,301,0.7,Berawan
18.0,95,1008.1,5.5,56,1.2,Berawan
29.2,91,1009.7,23.2,79,4.0,Berawan
16.6,96,1012.7,22.2,144,4.4,Berawan
19.9,98,1007.4,28.4,144,20.9,Hujan
18.8,90,1005.1,7.1,251,36.3,Hujan
22.1,96,1012.2,26.8,56,2.8,Berawan
16.7,78,1012.5,14.0,11,0.2,Berawan
29.0,69,1008.2,10.6,265,0.0,Cerah
24.0,60,1011.7,18.6,89,1.8,Berawan
30.6,74,1009.6,24.3,266,0.5,Berawan
25.5,60,1005.1,15.9,42,0.0,Cerah
20.5,55,1008.8,29.3,254,0.4,Berawan
16.9,60,1009.4,25.5,343,0.9,Berawan
27.8,56,1010.9,17.5,292,0.0,Cerah
28.7,60,1005.8,14.5,138,0.0,Cerah
16.9,91,1008.1,25.6,51,4.5,Berawan
23.5,56,1008.2,16.7,272,0.0,Cerah
32.0,93,1010.6,18.3,85,3.9,Berawan
24.3,94,1006.6,9.2,75,2.2,Berawan
30.7,84,1006.5,26.5,299,2.9,Berawan
29.8,87,1007.5,29.7,340,1.8,Berawan
27.4,57,1012.1,5.6,290,0.0,Cerah
21.6,73,1012.0,23.9,275,2.9,Berawan
18.3,58,1009.7,8.8,39,0.0,Cerah
23.0,87,1012.9,10.1,94,2.9,Berawan
25.5,77,1009.6,17.0,141,0.4,Berawan
19.6,61,1012.1,26.8,106,4.6,Berawan
24.7,71,1009.8,17.2,90,0.0,Cerah
16.4,64,1007.3,3.8,57,0.0,Cerah
21.5,78,1005.0,10.3,214,1.1,Berawan
28.1,69,1010.9,9.4,211,0.0,Cerah
27.0,83,1012.6,29.5,329,1.5,Berawan
23.9,70,1004.4,5.4,209,0.0,Cerah
29.5,64,1004.7,7.0,257,0.0,Cerah
16.7,81,1010.2,20.3,243,0.7,Berawan
25.9,83,1009.9,22.2,323,2.3,Berawan
30.4,89,1012.7,8.1,111,4.9,Berawan
25.6,83,1009.6,8.5,26,2.0,Berawan
31.9,67,1007.4,29.4,236,1.7,Berawan
30.3,68,1010.7,8.2,19,0.0,Cerah
25.9,66,1012.9,21.0,62,4.6,Berawan
21.7,82,1009.7,10.4,123,0.4,Berawan
17.1,61,1005.1,20.2,335,3.8,Berawan
22.5,92,1010.2,4.8,133,1.0,Berawan
16.2,67,1007.1,27.9,42,1.4,Berawan
19.9,78,1006.0,6.4,276,4.8,Berawan
17.1,71,1009.1,16.9,175,0.0,Cerah
29.3,82,1006.5,8.5,204,1.7,Berawan
16.8,70,1008.6,14.0,341,0.0,Cerah
16.4,64,1008.2,22.6,53,4.3,Berawan
24.9,75,1012.1,27.8,250,0.3,Berawan
30.7,83,1010.7,26.7,206,2.4,Berawan
29.0,60,1005.0,8.6,219,0.0,Cerah
25.2,96,1009.0,15.3,234,1.0,Berawan
31.0,87,1009.8,30.0,181,1.4,Berawan
31.3,71,1009.9,22.4,112,4.1,Berawan
22.2,94,1005.9,24.4,58,47.1,Hujan
21.5,83,1005.7,7.9,290,0.9,Berawan
26.3,91,1005.6,15.5,125,2.0,Berawan
20.0,63,1005.2,7.6,314,0.0,Cerah
30.6,78,1006.1,4.0,220,2.4,Berawan
19.3,74,1007.7,24.4,39,1.4,Berawan
31.0,56,1010.1,12.0,211,0.0,Cerah
21.5,80,1006.5,10.9,16,0.2,Berawan
18.0,66,1009.8,25.6,0,1.4,Berawan
17.9,74,1011.9,10.7,258,0.0,Cerah
30.0,82,1012.0,13.7,196,2.8,Berawan
24.1,63,1007.1,24.0,203,4.7,Berawan
18.9,93,1011.4,22.5,196,0.2,Berawan
25.6,94,1008.3,19.9,29,4.2,Berawan
26.4,96,1010.6,22.4,98,4.6,Berawan
21.0,73,1005.5,25.0,333,2.4,Berawan
16.7,68,1007.7,19.7,347,3.2,Berawan
16.3,57,1007.4,13.1,241,0.0,Cerah
28.6,68,1005.6,11.5,155,0.0,Cerah
19.5,75,1012.1,8.9,314,2.1,Berawan
18.3,67,1012.3,12.2,116,0.0,Cerah
20.6,68,1011.3,9.0,182,0.0,Cerah
30.2,86,1012.0,20.3,223,4.8,Berawan
26.8,82,1012.7,22.3,287,3.2,Berawan
26.3,64,1006.4,24.0,301,4.1,Berawan
31.0,94,1011.6,4.5,273,3.8,Berawan
30.5,75,1010.6,3.4,333,0.0,Cerah
28.9,97,1008.7,20.6,135,2.8,Berawan
24.8,74,1009.4,24.7,108,0.6,Berawan
30.8,77,1011.4,9.3,209,3.4,Berawan
26.1,87,1011.5,5.0,85,1.4,Berawan
30.3,64,1005.3,12.1,245,0.0,Cerah
17.3,64,1008.7,14.2,347,0.0,Cerah
17.3,57,1006.2,5.8,159,0.0,Cerah
28.7,84,1011.6,7.4,300,0.8,Berawan
25.2,62,1012.2,4.2,162,0.0,Cerah
17.6,68,1009.0,5.4,231,0.0,Cerah
23.5,61,1012.4,8.5,206,0.0,Cerah
20.8,84,1010.9,13.4,240,3.0,Berawan
24.1,57,1005.8,12.5,201,0.0,Cerah
25.4,83,1010.5,12.8,74,1.4,Berawan
27.2,73,1008.8,26.3,163,1.5,Berawan
28.2,89,1010.3,15.7,152,1.9,Berawan
22.3,76,1006.0,27.0,165,3.6,Berawan
23.8,90,1012.5,21.8,322,0.4,Berawan
24.8,58,1007.2,15.3,265,0.0,Cerah
29.3,94,1009.1,13.6,71,2.6,Berawan
20.0,86,1004.0,14.8,306,22.2,Hujan
24.9,57,1012.2,29.4,288,3.7,Berawan
23.1,86,1011.4,10.8,216,3.0,Berawan
21.0,83,1004.7,28.3,60,1.2,Berawan
16.5,92,1009.8,13.2,157,4.6,Berawan
21.1,60,1012.1,24.6,164,0.4,Berawan
17.0,79,1004.4,8.6,20,0.5,Berawan
29.8,76,1008.0,27.9,144,3.9,Berawan
18.3,63,1005.4,23.1,29,3.7,Berawan
17.2,58,1011.2,5.9,1,0.0,Cerah
27.8,84,1004.8,17.4,8,0.2,Berawan
23.7,75,1004.4,29.0,80,0.2,Berawan
17.3,68,1008.7,19.1,234,0.9,Berawan
20.3,96,1009.3,20.6,12,1.6,Berawan
28.9,85,1008.0,11.6,339,3.9,Berawan
17.6,58,1005.4,13.0,32,0.0,Cerah
24.1,91,1012.0,14.2,343,1.9,Berawan
16.4,96,1005.0,19.5,42,10.8,Hujan
21.6,65,1006.9,27.0,51,4.0,Berawan
18.3,58,1009.3,16.0,110,0.0,Cerah
18.5,58,1010.8,10.3,85,0.0,Cerah
17.6,80,1004.4,8.7,106,3.0,Berawan
17.5,82,1008.2,4.1,312,1.3,Berawan
17.3,96,1005.8,15.3,134,34.8,Hujan
22.9,78,1006.0,13.9,242,4.4,Berawan
17.9,76,1010.5,29.9,134,1.9,Berawan
29.9,79,1008.3,24.3,260,1.4,Berawan
24.7,81,1006.3,25.8,260,1.7,Berawan
20.3,84,1010.2,12.5,65,1.1,Berawan
21.7,85,1010.1,14.5,57,1.6,Berawan
17.3,94,1009.1,7.1,70,2.0,Berawan
24.1,74,1006.4,21.6,61,4.8,Berawan
21.7,67,1009.9,11.8,226,0.0,Cerah
27.2,98,1005.0,13.0,313,1.1,Berawan
21.7,57,1008.4,29.5,192,0.7,Berawan
31.6,75,1010.7,26.0,321,1.1,Berawan
31.3,71,1012.1,9.7,255,0.0,Cerah
27.5,79,1004.7,9.6,285,2.7,Berawan
25.0,82,1005.8,13.7,41,4.0,Berawan
18.7,90,1008.6,22.2,156,2.0,Berawan
17.2,81,1008.4,21.6,351,2.5,Berawan
21.6,66,1007.0,12.9,112,0.0,Cerah
19.5,94,1012.1,22.5,67,4.6,Berawan
29.6,56,1012.9,6.8,189,0.0,Cerah
25.6,90,1012.1,18.8,330,3.6,Berawan
28.6,69,1011.5,15.9,72,0.0,Cerah
18.1,64,1007.5,24.4,192,0.1,Berawan
19.2,71,1010.5,10.6,110,0.0,Cerah
20.0,70,1012.6,5.9,111,0.0,Cerah
31.1,63,1011.6,14.4,102,0.0,Cerah
30.7,95,1006.4,28.9,278,1.2,Berawan
26.1,78,1010.2,24.9,25,2.7,Berawan
22.3,68,1005.6,29.3,215,3.5,Berawan
20.1,80,1009.3,6.3,165,2.4,Berawan
20.2,63,1008.3,14.1,340,0.0,Cerah
19.3,98,1004.6,27.6,50,48.1,Hujan
19.7,92,1007.2,23.4,111,18.5,Hujan
19.5,76,1012.3,28.5,96,4.4,Berawan
25.1,65,1007.7,17.9,30,0.0,Cerah
21.5,75,1007.0,3.1,131,4.7,Berawan
22.3,76,1007.8,18.6,9,1.0,Berawan
16.8,69,1011.2,11.4,185,0.0,Cerah
22.5,56,1006.5,11.5,324,0.0,Cerah
28.9,79,1010.2,18.5,209,2.4,Berawan
16.9,62,1012.2,4.2,40,0.0,Cerah
22.7,96,1005.5,6.9,21,45.0,Hujan
22.2,79,1010.9,5.2,189,2.9,Berawan
30.8,96,1009.2,20.8,183,2.2,Berawan
22.5,89,1004.3,10.4,140,11.4,Hujan
30.4,61,1004.7,23.4,127,3.1,Berawan
29.8,79,1009.0,16.7,194,4.0,Berawan
29.2,72,1007.1,4.7,39,0.0,Cerah
28.4,93,1012.9,6.8,139,2.9,Berawan
17.9,67,1007.1,16.8,59,0.0,Cerah
26.9,96,1010.4,11.8,238,4.6,Berawan
29.7,86,1012.3,16.4,63,4.2,Berawan
19.1,58,1011.5,29.1,324,0.7,Berawan
31.5,74,1009.8,26.1,23,2.5,Berawan
27.1,97,1007.0,22.4,40,4.7,Berawan
25.3,96,1010.7,4.5,116,0.9,Berawan
17.5,86,1005.8,28.1,76,43.7,Hujan
22.7,61,1008.1,10.7,64,0.0,Cerah
27.0,94,1011.7,14.5,42,0.2,Berawan
21.1,96,1007.1,13.4,197,31.9,Hujan
27.1,95,1010.2,27.5,214,3.9,Berawan
20.5,93,1005.7,29.3,185,20.9,Hujan
25.2,69,1012.3,17.7,218,0.0,Cerah
25.8,86,1010.1,14.8,225,4.6,Berawan
20.2,96,1004.7,4.7,11,48.0,Hujan
25.3,96,1011.5,15.6,204,4.6,Berawan
27.5,58,1005.0,23.3,335,1.6,Berawan
28.8,83,1009.0,5.0,232,1.4,Berawan
26.1,91,1007.4,19.0,289,1.2,Berawan
22.3,59,1009.9,19.8,44,1.2,Berawan
16.1,66,1006.5,16.8,234,0.0,Cerah
16.6,80,1009.9,21.1,26,3.9,Berawan
28.6,73,1008.0,28.8,222,1.0,Berawan
24.5,85,1007.9,20.1,70,4.0,Berawan
30.2,65,1005.8,11.4,109,0.0,Cerah
27.8,75,1005.2,18.9,53,0.4,Berawan
30.5,96,1010.7,29.5,229,2.9,Berawan
29.0,73,1010.1,28.0,350,2.9,Berawan
29.0,85,1009.0,16.0,119,3.7,Berawan
24.6,59,1011.0,3.0,86,0.0,Cerah
17.4,77,1010.3,27.3,314,1.8,Berawan
29.9,69,1011.0,28.4,309,1.7,Berawan
17.9,67,1010.4,14.1,115,0.0,Cerah
16.3,79,1012.3,18.6,186,4.6,Berawan
29.8,79,1011.2,26.7,288,0.6,Berawan
30.9,91,1007.5,18.5,294,1.2,Berawan
19.7,56,1009.6,29.4,147,4.9,Berawan
19.8,80,1007.5,14.8,198,0.3,Berawan
21.6,68,1008.0,12.4,317,0.0,Cerah
22.1,60,1006.3,20.4,69,2.5,Berawan
27.9,69,1012.6,29.0,107,1.4,Berawan
18.9,93,1008.1,27.9,25,0.6,Berawan
16.9,63,1006.6,15.6,184,0.0,Cerah
27.4,85,1006.7,18.1,192,2.5,Berawan
16.2,74,1004.2,7.6,277,0.0,Cerah
31.0,68,1010.5,4.5,1,0.0,Cerah
28.9,56,1004.5,23.0,339,4.3,Berawan
26.4,82,1012.9,9.8,61,0.3,Berawan
28.5,97,1008.5,23.6,215,2.9,Berawan
28.8,63,1011.9,9.2,76,0.0,Cerah
28.5,88,1008.1,8.2,353,1.5,Berawan
27.9,64,1008.7,29.6,280,2.8,Berawan
16.6,65,1011.7,23.3,180,4.4,Berawan
28.8,90,1004.9,9.3,126,2.7,Berawan
32.0,69,1004.6,25.7,295,0.9,Berawan
25.9,85,1011.1,18.7,264,3.5,Berawan
22.9,84,1007.2,12.4,225,3.0,Berawan
27.3,83,1006.7,19.2,185,3.6,Berawan
28.8,61,1004.2,25.5,153,3.8,Berawan
19.3,66,1007.1,4.5,252,0.0,Cerah
30.9,90,1008.4,9.0,5,1.7,Berawan
29.6,97,1004.6,25.5,99,1.2,Berawan
21.6,80,1009.1,3.9,121,1.1,Berawan
28.5,60,1006.8,24.2,322,4.7,Berawan
20.2,57,1010.3,26.1,3,2.3,Berawan
18.7,58,1004.4,9.3,200,0.0,Cerah
25.0,94,1009.6,19.1,236,2.4,Berawan
21.8,71,1010.2,15.1,58,0.0,Cerah
28.9,80,1007.3,18.7,203,4.5,Berawan
17.4,68,1004.3,10.0,40,0.0,Cerah
22.6,85,1011.6,20.0,351,2.7,Berawan
22.9,64,1007.3,24.5,203,1.0,Berawan
20.5,70,1008.0,18.1,28,2.5,Berawan
30.8,90,1011.8,28.2,90,3.5,Berawan
31.7,89,1010.1,6.4,184,3.6,Berawan
20.2,69,1012.8,15.7,70,0.0,Cerah
20.4,61,1012.5,10.1,327,0.0,Cerah
24.0,56,1004.4,26.1,335,2.3,Berawan
24.0,73,1012.3,21.1,164,0.8,Berawan
30.6,94,1010.9,26.2,193,4.3,Berawan
29.4,92,1009.1,9.5,349,1.6,Berawan
18.3,59,1004.2,19.0,329,1.0,Berawan
30.4,77,1007.3,27.8,198,3.5,Berawan
17.4,59,1012.0,27.7,247,3.4,Berawan
27.8,62,1006.8,13.6,142,0.0,Cerah
27.7,60,1011.2,6.0,169,0.0,Cerah
19.6,81,1005.6,9.9,175,0.3,Berawan
20.1,96,1010.1,14.6,96,1.6,Berawan
20.7,61,1009.3,16.9,173,0.0,Cerah
27.0,86,1010.8,6.1,353,3.0,Berawan
31.7,80,1010.2,20.0,16,2.5,Berawan
25.4,69,1010.8,13.4,207,0.0,Cerah
22.3,77,1006.1,19.8,93,1.1,Berawan
29.6,71,1005.3,9.2,162,0.0,Cerah
20.8,57,1011.6,19.0,27,4.3,Berawan
19.3,70,1012.8,3.3,94,0.0,Cerah
25.2,95,1011.5,11.3,130,2.9,Berawan
30.4,68,1008.5,4.4,264,0.0,Cerah
28.7,76,1007.9,7.3,156,0.9,Berawan
23.0,69,1004.6,15.4,64,0.0,Cerah
30.1,67,1006.5,9.5,90,0.0,Cerah
17.7,87,1009.5,16.2,152,1.1,Berawan
31.1,87,1005.0,22.8,223,1.0,Berawan
16.6,89,1007.5,7.0,132,16.2,Hujan
25.7,90,1009.8,15.8,93,4.8,Berawan
18.6,55,1008.5,21.3,239,1.5,Berawan
31.0,95,1007.2,10.9,209,1.0,Berawan
28.1,76,1012.5,6.7,61,0.5,Berawan
30.8,81,1004.1,25.9,55,4.9,Berawan
29.5,58,1011.2,28.5,218,4.6,Berawan
22.4,75,1007.1,24.5,191,4.7,Berawan
25.3,56,1005.2,22.1,281,4.6,Berawan
23.7,79,1010.7,21.7,336,4.2,Berawan
19.5,94,1012.0,18.5,56,1.6,Berawan
24.3,87,1013.0,7.1,104,1.5,Berawan
27.1,57,1005.5,28.9,282,2.2,Berawan
18.6,81,1008.1,8.2,113,2.9,Berawan
19.2,87,1010.4,17.8,123,4.0,Berawan
30.3,83,1011.4,9.8,3,0.2,Berawan
29.5,82,1011.0,12.7,74,2.9,Berawan
21.9,93,1009.7,16.3,83,0.9,Berawan
17.6,71,1008.7,8.6,109,0.0,Cerah
20.7,71,1010.5,18.5,289,2.8,Berawan
20.1,58,1007.5,11.3,190,0.0,Cerah
25.7,86,1004.9,15.7,220,1.3,Berawan
23.3,56,1004.8,29.7,350,3.1,Berawan
16.6,97,1008.2,29.9,187,0.6,Berawan
26.0,97,1009.7,19.4,123,2.5,Berawan
23.1,83,1012.9,3.5,210,2.7,Berawan
18.7,98,1007.8,8.6,272,10.9,Hujan
23.9,76,1011.8,7.4,41,1.7,Berawan
17.6,95,1004.9,22.2,24,10.3,Hujan
19.7,93,1012.5,3.0,348,0.7,Berawan
28.3,68,1012.8,21.4,37,1.9,Berawan
19.2,82,1004.8,4.9,328,4.6,Berawan
29.9,86,1008.1,28.6,242,3.6,Berawan
18.5,72,1010.1,28.2,21,2.9,Berawan
23.5,73,1008.3,10.5,247,0.0,Cerah
31.2,86,1011.8,18.3,341,3.0,Berawan
18.3,63,1006.1,28.3,309,4.3,Berawan
31.1,74,1009.6,12.8,275,0.0,Cerah
26.2,62,1009.2,6.1,41,0.0,Cerah
24.5,63,1009.4,13.4,162,0.0,Cerah
17.8,61,1011.3,9.2,36,0.0,Cerah
28.7,82,1011.7,19.7,306,3.2,Berawan
31.2,92,1010.8,15.7,217,4.5,Berawan
25.8,75,1012.2,4.0,356,0.0,Cerah
26.3,64,1008.0,12.4,83,0.0,Cerah
16.1,78,1007.5,5.2,95,0.8,Berawan
28.1,58,1009.2,14.4,257,0.0,Cerah
26.8,94,1012.7,24.9,308,1.0,Berawan
28.4,95,1006.7,3.1,94,2.6,Berawan
25.7,71,1012.2,11.7,33,0.0,Cerah
27.2,95,1012.7,4.8,182,1.2,Berawan
25.7,88,1011.8,21.4,24,3.0,Berawan
23.3,79,1010.3,3.6,12,1.6,Berawan
21.3,94,1005.1,6.3,151,27.4,Hujan
17.6,75,1009.2,5.5,36,0.0,Cerah
25.2,59,1012.0,27.7,225,1.7,Berawan
28.1,93,1010.5,8.0,49,1.7,Berawan
31.8,76,1009.6,8.3,262,3.0,Berawan
18.0,77,1012.5,10.3,75,0.8,Berawan
18.8,74,1009.1,5.7,227,0.0,Cerah
22.5,60,1004.7,17.1,356,0.0,Cerah
26.9,76,1005.2,21.0,151,2.4,Berawan
26.6,79,1004.3,8.4,73,1.0,Berawan
17.0,73,1011.6,23.6,357,4.5,Berawan
26.9,60,1004.5,13.0,62,0.0,Cerah
20.2,96,1007.2,17.8,52,37.5,Hujan
29.8,91,1009.8,29.5,41,4.6,Berawan
29.7,93,1006.3,26.7,38,1.9,Berawan
28.4,69,1008.5,9.5,306,0.0,Cerah
17.7,71,1006.1,17.4,259,0.0,Cerah
23.7,89,1005.3,24.9,222,38.1,Hujan
20.5,80,1006.2,8.2,130,1.2,Berawan
28.7,63,1008.8,29.8,118,4.7,Berawan
20.7,74,1004.1,25.5,297,2.6,Berawan
25.2,84,1012.4,23.0,197,1.6,Berawan
19.1,62,1008.0,25.8,294,0.8,Berawan
26.4,57,1004.6,18.1,64,1.1,Berawan
30.6,86,1011.3,23.9,265,4.1,Berawan
31.1,84,1005.2,12.9,65,1.3,Berawan
26.0,70,1009.1,12.2,325,0.0,Cerah
17.6,77,1010.4,25.3,264,1.8,Berawan
28.6,76,1004.1,10.6,253,2.8,Berawan
19.3,95,1011.8,5.1,115,2.6,Berawan
20.3,85,1005.9,24.5,351,24.2,Hujan
22.2,68,1008.3,21.2,52,3.9,Berawan
27.2,89,1007.2,14.2,5,3.7,Berawan
24.3,85,1009.9,13.3,100,3.3,Berawan
27.2,67,1011.5,13.8,274,0.0,Cerah
24.8,82,1004.1,3.9,94,1.0,Berawan
26.8,69,1011.1,5.2,161,0.0,Cerah
17.1,55,1007.6,25.9,109,3.3,Berawan
17.0,72,1005.2,29.0,38,3.7,Berawan
30.3,79,1007.5,24.0,49,1.5,Berawan
24.9,73,1004.8,3.7,345,0.0,Cerah
25.6,63,1012.7,15.3,128,0.0,Cerah
25.5,78,1010.5,29.3,266,2.0,Berawan
26.2,87,1007.2,22.2,217,3.5,Berawan
23.8,79,1010.5,5.1,185,2.3,Berawan
26.7,78,1005.5,27.2,22,4.8,Berawan
22.7,66,1006.1,22.3,124,3.3,Berawan
24.3,67,1012.3,15.2,357,0.0,Cerah
31.4,94,1011.1,16.9,358,2.5,Berawan
28.7,62,1009.6,17.2,197,0.0,Cerah
20.1,62,1012.3,3.9,212,0.0,Cerah
17.2,93,1008.7,8.8,179,2.0,Berawan
29.6,65,1009.6,7.2,275,0.0,Cerah
25.3,59,1008.2,10.7,60,0.0,Cerah
27.1,59,1004.7,16.4,149,0.0,Cerah
21.7,74,1006.1,13.6,275,0.0,Cerah
25.6,88,1007.9,17.5,128,4.7,Berawan
31.9,72,1009.7,25.0,93,1.1,Berawan
20.4,68,1004.4,20.2,101,0.4,Berawan
23.6,87,1005.8,13.3,341,41.3,Hujan
29.4,84,1004.8,6.0,119,2.5,Berawan
25.8,75,1007.4,25.3,20,1.1,Berawan
21.0,64,1009.6,29.7,202,2.4,Berawan
31.8,86,1004.1,8.2,198,4.1,Berawan
30.8,74,1008.7,26.5,142,1.5,Berawan
24.0,76,1010.1,21.9,190,1.6,Berawan
28.9,72,1004.9,27.2,87,2.3,Berawan
16.6,56,1008.9,8.0,279,0.0,Cerah
29.1,86,1009.5,4.3,73,1.4,Berawan
19.3,78,1006.7,21.4,33,2.9,Berawan
16.0,67,1012.1,14.7,181,0.0,Cerah
20.0,75,1007.3,15.3,129,0.0,Cerah
27.2,89,1005.4,10.0,183,1.6,Berawan
21.8,68,1012.7,8.7,126,0.0,Cerah
19.9,81,1012.6,28.1,192,2.7,Berawan
26.0,93,1011.0,11.4,145,4.2,Berawan
22.4,68,1005.7,19.1,234,2.3,Berawan
17.6,97,1004.2,11.7,256,42.9,Hujan
22.8,87,1009.3,4.8,8,2.0,Berawan
22.9,67,1009.7,29.5,47,1.6,Berawan
18.9,70,1004.2,17.7,9,0.0,Cerah
21.2,90,1011.7,6.5,35,1.2,Berawan
23.1,72,1010.7,8.8,237,0.0,Cerah
28.5,59,1012.8,8.8,48,0.0,Cerah
21.4,58,1006.7,10.2,48,0.0,Cerah
27.8,79,1008.0,7.8,260,4.2,Berawan
26.3,75,1008.2,20.8,24,4.8,Berawan
25.6,73,1010.1,23.5,76,4.7,Berawan
29.5,76,1004.2,19.2,104,3.8,Berawan
26.6,64,1010.6,27.7,343,4.7,Berawan
19.2,80,1011.4,25.2,155,4.5,Berawan
31.8,61,1008.4,25.6,159,0.6,Berawan
24.3,61,1011.9,23.4,143,3.5,Berawan
24.7,97,1010.1,13.7,248,3.7,Berawan
25.8,91,1007.0,21.4,192,1.5,Berawan
20.4,68,1010.8,27.2,65,4.8,Berawan
31.4,79,1005.4,7.4,57,2.1,Berawan
23.2,67,1005.1,7.0,140,0.0,Cerah
26.5,92,1007.8,26.2,57,2.4,Berawan
25.0,57,1010.6,29.9,282,2.1,Berawan
17.4,72,1011.4,24.6,322,4.1,Berawan
26.2,95,1004.5,10.5,27,1.9,Berawan
30.3,55,1007.4,21.0,44,3.8,Berawan
26.8,68,1006.2,14.5,354,0.0,Cerah
24.6,82,1006.5,3.5,151,2.3,Berawan
18.4,80,1005.0,13.9,205,1.4,Berawan
28.3,72,1011.4,19.0,244,1.7,Berawan
28.5,76,1004.9,4.9,255,0.6,Berawan
23.8,67,1009.8,17.2,210,0.0,Cerah
16.7,78,1009.4,5.3,9,3.5,Berawan
17.9,80,1004.1,17.0,121,3.4,Berawan
25.8,72,1010.3,26.0,54,2.9,Berawan
31.7,84,1004.7,15.2,115,1.7,Berawan
25.9,62,1004.4,6.6,211,0.0,Cerah
21.5,58,1008.3,15.0,324,0.0,Cerah
26.4,97,1012.9,6.9,269,3.6,Berawan
24.2,96,1011.6,19.8,128,3.5,Berawan
26.2,56,1008.0,23.9,77,1.5,Berawan
25.1,64,1012.1,26.1,268,1.5,Berawan
27.9,82,1004.0,10.2,271,4.0,Berawan
31.7,74,1013.0,15.4,274,0.0,Cerah
22.6,63,1006.7,25.6,124,4.3,Berawan
17.9,66,1005.0,20.7,2,1.3,Berawan
27.7,80,1011.5,28.0,48,2.7,Berawan
22.9,81,1005.7,8.6,77,0.4,Berawan
24.9,69,1011.5,17.8,57,0.0,Cerah
31.1,71,1011.4,17.9,168,0.0,Cerah
29.8,61,1006.5,24.9,252,0.5,Berawan
23.3,89,1009.3,4.0,102,1.5,Berawan
20.5,75,1011.4,26.5,49,4.7,Berawan
20.7,83,1010.0,10.6,79,2.3,Berawan
27.5,64,1009.2,14.9,129,0.0,Cerah
31.3,92,1005.6,22.3,128,1.4,Berawan
19.0,59,1012.0,10.4,335,0.0,Cerah
20.2,84,1007.7,3.5,172,0.6,Berawan
19.6,93,1011.6,14.1,288,4.6,Berawan
23.9,56,1012.6,20.1,139,2.5,Berawan
29.3,70,1012.4,28.1,134,4.7,Berawan
31.2,68,1010.7,9.8,278,0.0,Cerah
28.8,70,1012.2,6.1,136,0.0,Cerah
21.8,75,1012.5,28.8,169,1.6,Berawan
23.2,74,1012.1,24.7,240,1.1,Berawan
25.5,70,1005.9,28.6,38,1.7,Berawan
28.5,70,1010.0,21.7,279,4.0,Berawan
28.1,73,1004.1,18.6,23,2.3,Berawan
17.2,83,1006.3,27.2,90,2.8,Berawan
29.9,84,1011.1,11.6,234,4.5,Berawan
23.3,89,1005.7,9.5,45,33.0,Hujan
17.4,70,1008.0,4.9,292,0.0,Cerah
21.0,82,1006.0,6.4,348,2.2,Berawan
30.5,67,1004.4,25.1,118,2.5,Berawan
31.5,89,1006.6,17.7,178,2.3,Berawan
28.4,87,1005.8,11.0,351,1.8,Berawan
30.7,69,1011.8,25.3,202,0.2,Berawan
23.3,96,1008.2,8.2,208,1.9,Berawan
25.6,91,1006.8,23.2,226,1.9,Berawan
19.3,75,1007.1,6.0,114,0.0,Cerah
27.1,92,1005.7,20.3,350,1.6,Berawan
22.2,71,1006.9,12.3,26,0.0,Cerah
28.0,73,1005.7,29.6,116,0.5,Berawan
27.4,56,1008.0,10.4,290,0.0,Cerah
29.2,71,1009.7,7.1,192,0.0,Cerah
20.6,97,1005.8,19.8,268,29.1,Hujan
22.0,73,1008.0,19.5,215,3.3,Berawan
19.7,59,1004.1,15.4,63,0.0,Cerah
27.8,86,1005.0,4.6,44,1.7,Berawan
17.3,97,1009.8,26.1,234,4.7,Berawan
18.5,69,1009.7,28.0,260,4.2,Berawan
19.8,95,1009.3,26.5,279,4.0,Berawan
25.8,96,1006.9,7.1,184,1.3,Berawan
26.9,79,1010.6,29.6,35,4.7,Berawan
25.4,59,1009.3,16.0,67,0.0,Cerah
24.9,85,1008.1,18.2,213,3.1,Berawan
23.7,66,1009.2,26.4,177,3.9,Berawan
21.3,97,1006.2,3.7,247,44.1,Hujan
25.2,81,1006.8,23.2,212,1.9,Berawan
25.6,96,1008.8,16.8,296,0.4,Berawan
20.4,83,1011.6,5.1,179,4.7,Berawan
27.7,65,1007.1,10.0,228,0.0,Cerah
21.9,89,1008.0,19.3,335,33.7,Hujan
16.5,63,1008.7,19.7,154,0.8,Berawan
17.2,70,1007.1,11.3,297,0.0,Cerah
19.0,69,1011.4,14.8,214,0.0,Cerah
21.3,84,1011.1,10.3,43,1.2,Berawan
27.8,79,1011.3,22.9,65,3.3,Berawan
20.2,87,1004.7,3.5,37,31.9,Hujan
24.5,69,1009.5,26.5,244,0.7,Berawan
16.3,76,1006.0,23.0,154,4.4,Berawan
22.3,57,1004.2,26.6,190,4.7,Berawan
25.1,78,1009.9,12.0,122,1.6,Berawan
23.4,96,1012.8,10.5,130,0.8,Berawan
24.9,72,1007.0,29.2,290,2.3,Berawan
24.0,59,1008.6,12.6,312,0.0,Cerah
23.0,75,1010.6,29.2,207,4.8,Berawan
28.8,78,1008.8,19.8,252,0.7,Berawan
18.6,79,1010.4,11.6,206,1.2,Berawan
26.4,82,1005.7,21.8,154,0.7,Berawan
31.0,79,1012.0,17.0,298,4.2,Berawan
21.6,90,1005.4,29.3,119,22.3,Hujan
30.0,75,1012.3,28.9,305,2.5,Berawan
26.6,69,1010.9,21.5,194,0.4,Berawan
27.2,80,1012.0,21.9,42,0.2,Berawan
25.2,71,1004.5,3.8,124,0.0,Cerah
28.1,90,1007.0,22.6,51,3.1,Berawan
26.9,70,1008.7,28.2,103,0.3,Berawan
20.0,82,1010.8,22.3,155,4.0,Berawan
20.7,96,1010.5,3.6,262,2.1,Berawan
22.5,90,1006.2,16.4,308,18.1,Hujan
31.5,70,1011.8,24.4,320,3.3,Berawan
29.8,84,1004.3,3.7,101,0.9,Berawan
22.4,91,1006.7,10.4,349,49.3,Hujan
18.5,69,1012.1,25.5,313,3.1,Berawan
20.7,68,1011.4,19.8,228,0.5,Berawan
30.6,90,1005.5,6.0,228,3.0,Berawan
31.3,56,1012.0,19.4,93,3.5,Berawan
26.6,77,1007.5,15.6,203,4.2,Berawan
21.8,84,1004.2,28.1,299,1.0,Berawan
18.4,81,1007.8,23.5,249,2.5,Berawan
21.2,97,1012.5,15.6,93,4.6,Berawan
19.4,64,1012.4,12.0,341,0.0,Cerah
29.4,74,1010.9,27.9,89,1.4,Berawan
31.9,59,1006.0,8.1,3,0.0,Cerah
21.4,96,1005.8,17.0,180,22.9,Hujan
27.1,78,1005.3,13.0,322,3.2,Berawan
29.4,83,1006.3,14.4,312,2.7,Berawan
16.3,88,1004.5,12.6,33,28.5,Hujan
23.2,86,1012.3,17.9,17,2.6,Berawan
29.5,63,1010.8,7.3,130,0.0,Cerah
24.6,88,1012.4,9.5,42,3.7,Berawan
16.1,89,1007.6,25.2,136,25.2,Hujan
31.6,85,1012.0,4.3,198,0.4,Berawan
29.9,79,1012.8,18.5,28,3.1,Berawan
26.1,94,1010.2,29.1,54,0.2,Berawan
22.3,77,1010.5,26.2,286,1.3,Berawan
27.7,98,1007.6,19.2,202,3.5,Berawan
20.6,68,1012.0,26.6,356,1.7,Berawan
26.0,72,1008.5,4.8,343,0.0,Cerah
27.9,73,1006.1,15.9,72,0.0,Cerah
25.7,92,1004.4,17.1,332,1.3,Berawan
16.2,96,1007.8,12.6,208,48.2,Hujan
16.2,88,1005.4,8.0,260,43.4,Hujan
21.1,66,1007.1,6.9,31,0.0,Cerah
28.0,61,1010.0,8.5,263,0.0,Cerah
26.9,62,1011.0,7.9,242,0.0,Cerah
30.9,90,1008.5,17.1,196,3.6,Berawan
27.6,63,1008.8,13.7,24,0.0,Cerah
29.2,71,1007.6,13.3,310,0.0,Cerah
31.7,90,1006.9,14.9,222,4.2,Berawan
22.2,88,1004.8,3.3,124,26.4,Hujan
27.1,90,1008.5,25.9,35,3.0,Berawan
26.1,57,1009.5,19.3,157,3.7,Berawan
16.4,69,1012.0,20.6,235,4.3,Berawan
23.1,56,1011.6,20.6,124,0.5,Berawan
25.5,85,1009.6,27.4,166,4.7,Berawan
16.8,70,1008.1,4.0,196,0.0,Cerah
22.1,57,1005.5,7.3,26,0.0,Cerah
31.2,68,1007.7,3.9,209,0.0,Cerah
27.4,88,1009.6,6.0,334,2.7,Berawan
25.0,98,1005.5,29.3,60,4.9,Berawan
28.7,58,1006.3,23.1,222,4.3,Berawan
29.9,80,1010.3,6.1,166,0.4,Berawan
24.3,78,1012.4,21.1,12,4.9,Berawan
28.2,85,1009.3,29.1,180,2.1,Berawan
18.0,64,1007.6,22.8,62,2.7,Berawan
29.5,76,1006.7,14.1,105,3.1,Berawan
23.6,70,1009.9,9.5,49,0.0,Cerah
32.0,77,1004.8,4.3,1,1.3,Berawan
18.6,95,1008.8,19.8,50,4.2,Berawan
28.7,88,1010.8,16.1,187,2.0,Berawan
20.7,73,1006.0,19.1,346,1.5,Berawan
26.5,66,1006.5,13.2,131,0.0,Cerah
23.5,98,1004.5,13.1,244,27.9,Hujan
17.6,66,1009.0,20.8,55,2.7,Berawan
24.3,76,1011.5,15.6,347,1.1,Berawan
26.9,64,1010.9,11.0,289,0.0,Cerah
22.0,73,1007.5,3.7,241,0.0,Cerah
25.1,92,1010.2,19.7,256,4.1,Berawan
26.4,97,1011.6,23.7,309,4.5,Berawan
31.3,98,1004.4,21.2,282,2.5,Berawan
16.4,86,1005.4,29.7,283,35.6,Hujan
24.3,60,1008.2,18.2,273,4.6,Berawan
21.8,55,1008.9,16.3,329,0.0,Cerah
18.9,84,1009.6,26.0,128,2.0,Berawan
23.4,86,1012.7,25.6,43,1.9,Berawan
22.3,88,1008.2,3.7,95,1.7,Berawan
26.3,78,1004.1,21.2,332,1.9,Berawan
21.1,94,1005.8,12.0,176,42.6,Hujan
25.9,58,1008.5,20.5,40,3.5,Berawan
19.0,96,1012.1,26.4,54,3.6,Berawan
20.6,65,1007.4,7.5,298,0.0,Cerah
28.4,60,1010.6,21.8,140,3.4,Berawan
24.0,72,1009.4,5.7,93,0.0,Cerah
18.1,96,1007.0,6.7,138,15.1,Hujan
24.9,89,1006.3,22.0,120,0.2,Berawan
30.1,77,1012.1,17.0,344,4.5,Berawan
31.6,85,1010.2,10.1,318,3.3,Berawan
18.6,62,1006.6,21.6,357,4.5,Berawan
17.0,58,1008.8,24.8,342,1.9,Berawan
16.3,69,1007.4,7.3,51,0.0,Cerah
24.6,91,1009.0,21.1,24,4.9,Berawan
24.0,74,1010.3,27.1,156,4.3,Berawan
21.0,63,1012.1,5.9,28,0.0,Cerah
31.2,77,1005.2,6.6,356,1.5,Berawan
27.2,76,1012.2,24.6,333,1.9,Berawan
29.4,71,1010.7,23.9,260,0.7,Berawan
31.3,89,1005.4,23.1,278,2.1,Berawan
16.6,59,1010.4,25.6,257,2.9,Berawan
21.3,68,1011.2,14.7,305,0.0,Cerah
25.7,86,1006.0,23.1,348,4.5,Berawan
30.8,63,1009.0,29.6,343,2.5,Berawan
23.3,97,1005.3,27.5,305,11.8,Hujan
28.2,93,1010.8,9.8,46,1.0,Berawan
20.1,85,1004.6,8.0,21,20.9,Hujan
31.2,83,1006.9,13.3,331,3.0,Berawan
17.4,67,1008.3,14.7,56,0.0,Cerah
16.1,96,1005.9,19.1,196,32.7,Hujan
27.5,60,1005.6,3.6,4,0.0,Cerah
28.7,56,1007.6,14.1,258,0.0,Cerah
29.0,66,1010.8,24.6,94,3.2,Berawan
20.8,94,1006.1,3.8,140,27.3,Hujan
21.5,57,1012.0,8.1,159,0.0,Cerah
21.0,56,1009.9,27.3,355,4.1,Berawan
19.8,63,1007.1,7.8,211,0.0,Cerah
30.8,64,1008.4,24.4,219,1.1,Berawan
30.5,95,1011.3,28.9,289,1.4,Berawan
19.0,81,1005.6,27.1,336,4.7,Berawan
29.2,93,1004.6,11.4,71,4.8,Berawan
22.1,62,1007.8,7.7,319,0.0,Cerah
23.5,96,1010.0,6.4,204,4.7,Berawan
23.7,89,1009.0,18.8,294,2.5,Berawan
19.3,76,1011.8,4.6,235,3.6,Berawan
18.6,56,1012.2,29.2,58,1.8,Berawan
30.6,67,1010.0,29.7,132,1.0,Berawan
23.8,61,1012.5,20.7,177,3.4,Berawan
21.0,94,1009.5,21.6,211,1.2,Berawan
26.8,64,1008.1,8.3,201,0.0,Cerah
24.0,71,1008.5,3.7,272,0.0,Cerah
27.5,82,1007.0,5.7,258,1.6,Berawan
22.6,56,1009.7,28.0,142,1.1,Berawan
23.8,73,1010.4,15.8,224,0.0,Cerah
29.2,92,1006.9,25.2,40,4.4,Berawan
19.1,69,1010.7,3.1,147,0.0,Cerah
19.2,84,1004.5,23.7,207,3.2,Berawan
20.6,93,1008.1,25.4,290,2.7,Berawan
19.7,61,1008.6,23.5,25,1.2,Berawan
29.3,90,1010.4,21.0,47,1.5,Berawan
24.1,90,1006.9,26.1,128,2.0,Berawan
23.9,79,1006.5,13.7,13,1.5,Berawan
19.9,96,1008.3,20.8,82,2.4,Berawan
19.3,64,1009.3,22.6,74,1.4,Berawan
28.0,94,1011.2,19.3,90,4.5,Berawan
19.0,89,1010.1,21.4,253,1.8,Berawan
22.4,59,1010.5,6.1,263,0.0,Cerah
18.2,87,1012.4,13.8,157,4.7,Berawan
22.8,67,1007.1,23.4,246,3.7,Berawan
23.2,71,1007.2,23.5,301,3.4,Berawan
31.9,74,1011.1,15.8,169,0.0,Cerah
18.0,97,1010.4,12.2,92,2.6,Berawan
22.1,71,1007.5,9.8,315,0.0,Cerah
18.8,56,1011.8,5.1,334,0.0,Cerah
21.6,78,1009.0,26.0,41,0.7,Berawan
17.7,82,1009.3,19.4,208,4.4,Berawan
30.5,95,1005.8,7.3,350,4.7,Berawan
19.4,63,1007.1,6.2,236,0.0,Cerah
28.0,60,1012.0,27.6,147,4.5,Berawan
27.7,80,1007.0,12.5,284,0.5,Berawan
28.4,71,1005.2,28.3,18,0.6,Berawan
20.5,72,1008.9,8.8,306,0.0,Cerah
18.7,66,1006.2,14.4,79,0.0,Cerah
27.6,89,1004.7,7.1,266,1.9,Berawan
16.8,79,1010.6,6.6,0,3.0,Berawan
29.2,85,1005.1,27.1,233,4.0,Berawan
21.0,55,1012.6,14.2,344,0.0,Cerah
22.6,62,1006.0,29.3,285,1.0,Berawan
24.6,70,1012.0,18.9,297,3.2,Berawan
31.1,65,1010.9,23.8,310,0.3,Berawan
24.1,95,1010.7,24.4,319,1.0,Berawan
28.1,90,1012.7,27.1,159,0.2,Berawan
28.2,69,1007.5,17.5,352,0.0,Cerah
25.0,89,1008.5,6.9,65,1.7,Berawan
26.5,61,1009.8,22.5,293,0.4,Berawan
23.3,96,1008.8,27.4,329,1.0,Berawan
22.1,75,1008.4,26.5,201,4.0,Berawan
23.9,92,1011.6,24.4,119,3.3,Berawan
23.3,72,1012.4,9.8,296,0.0,Cerah
22.8,69,1005.5,25.9,139,1.1,Berawan
26.5,98,1009.8,24.7,51,0.4,Berawan
24.4,66,1005.4,7.3,102,0.0,Cerah
16.3,70,1010.2,16.6,59,0.0,Cerah
23.9,86,1004.4,14.0,310,12.8,Hujan
25.1,83,1004.6,4.7,345,1.2,Berawan
27.1,56,1006.7,12.5,39,0.0,Cerah
29.7,95,1007.1,26.6,55,2.7,Berawan
16.2,90,1010.6,6.6,28,1.4,Berawan
31.9,70,1006.6,17.6,355,0.0,Cerah
18.3,75,1006.0,15.1,35,0.0,Cerah
21.1,82,1008.1,5.4,117,3.8,Berawan
20.4,69,1011.9,4.8,12,0.0,Cerah
17.7,65,1006.6,3.4,76,0.0,Cerah
23.0,56,1010.2,8.2,344,0.0,Cerah
20.6,88,1011.3,29.0,188,2.3,Berawan
22.3,82,1007.6,7.2,67,1.9,Berawan
19.6,95,1011.5,14.2,256,4.9,Berawan
18.3,73,1012.0,15.5,32,0.0,Cerah
31.7,76,1011.0,21.5,151,2.3,Berawan
24.4,95,1011.3,28.2,35,4.1,Berawan
18.7,67,1004.3,17.1,58,0.0,Cerah
26.7,71,1007.5,26.1,331,0.5,Berawan
22.8,72,1011.1,8.5,341,0.0,Cerah
17.0,91,1012.5,18.4,16,4.9,Berawan
29.6,80,1011.2,8.5,31,2.1,Berawan
20.2,67,1007.9,6.5,203,0.0,Cerah
19.2,92,1004.7,6.7,195,27.0,Hujan
27.2,63,1006.9,9.2,57,0.0,Cerah
25.1,78,1012.5,9.5,348,4.7,Berawan
28.0,75,1004.5,18.8,87,2.5,Berawan
30.6,93,1005.6,21.1,321,4.1,Berawan
16.0,84,1004.5,16.5,279,2.8,Berawan
21.3,62,1006.3,5.3,41,0.0,Cerah
25.0,56,1005.0,18.1,178,0.5,Berawan
31.4,98,1006.4,16.6,284,3.8,Berawan
29.4,80,1007.2,19.7,212,1.0,Berawan
20.9,92,1009.9,27.8,325,2.2,Berawan
22.1,82,1007.0,9.7,42,1.7,Berawan
18.3,75,1012.2,25.2,22,0.6,Berawan
22.4,59,1008.2,10.3,4,0.0,Cerah
23.0,85,1010.0,24.8,286,2.0,Berawan
22.7,60,1005.2,29.0,249,2.5,Berawan
30.8,87,1004.6,11.9,243,1.5,Berawan
30.7,72,1010.4,3.3,228,0.0,Cerah
21.4,70,1012.5,10.9,93,0.0,Cerah
18.7,93,1005.9,10.7,275,34.3,Hujan
20.6,60,1004.3,18.0,292,0.0,Cerah
23.7,67,1008.9,18.9,8,2.0,Berawan
31.8,81,1009.4,7.3,112,4.8,Berawan
24.8,95,1005.1,6.9,343,3.2,Berawan
22.9,86,1011.3,15.2,274,1.6,Berawan
23.9,83,1010.4,6.4,289,0.8,Berawan
25.8,77,1005.5,11.3,193,2.6,Berawan
18.4,61,1009.0,26.2,335,0.8,Berawan
29.8,88,1008.8,29.5,261,2.3,Berawan
19.2,75,1010.1,11.7,86,0.0,Cerah
19.3,91,1012.0,25.6,312,4.2,Berawan
25.6,97,1004.8,25.7,119,1.1,Berawan
16.1,75,1007.2,24.9,142,3.2,Berawan
31.4,60,1010.6,19.3,89,1.8,Berawan
18.2,72,1008.3,15.5,351,0.0,Cerah
30.9,86,1005.6,11.3,159,3.5,Berawan
22.6,61,1011.8,10.1,219,0.0,Cerah
19.0,71,1004.7,18.4,162,4.6,Berawan
26.4,60,1010.9,4.2,145,0.0,Cerah
24.7,84,1007.4,23.0,49,2.4,Berawan
23.7,72,1004.1,11.3,232,0.0,Cerah
30.6,79,1007.5,3.5,328,2.7,Berawan
16.0,69,1004.0,6.2,344,0.0,Cerah
27.4,61,1010.8,15.7,228,0.0,Cerah
21.2,69,1010.8,14.5,284,0.0,Cerah
26.8,61,1004.5,17.8,287,0.0,Cerah
19.5,78,1008.6,3.9,315,0.5,Berawan
31.7,76,1007.1,28.9,261,3.4,Berawan
29.4,93,1012.3,18.2,182,3.6,Berawan
26.0,68,1007.4,19.6,44,3.0,Berawan
27.2,98,1009.5,26.5,219,4.7,Berawan
23.6,65,1005.8,15.0,318,0.0,Cerah
26.5,67,1011.3,20.9,49,0.7,Berawan
16.1,66,1011.1,5.9,183,0.0,Cerah
30.0,69,1012.7,8.7,247,0.0,Cerah
26.0,96,1012.9,26.2,319,0.8,Berawan
26.0,68,1009.5,25.0,171,2.6,Berawan
26.5,68,1010.7,29.8,86,0.8,Berawan
21.9,68,1009.0,5.3,170,0.0,Cerah
16.5,56,1011.2,4.8,309,0.0,Cerah
27.4,66,1012.4,9.6,277,0.0,Cerah
16.5,59,1007.6,3.9,211,0.0,Cerah
23.3,70,1009.1,5.2,265,0.0,Cerah
19.7,82,1007.5,21.2,273,3.8,Berawan
16.5,71,1009.4,15.8,352,0.0,Cerah
30.7,68,1008.0,22.8,28,4.4,Berawan
23.8,80,1010.3,23.9,39,1.0,Berawan
28.3,79,1006.1,20.4,242,2.7,Berawan
26.7,94,1006.5,23.7,97,3.9,Berawan
17.9,97,1005.9,13.1,303,35.9,Hujan
29.8,92,1005.2,26.9,322,2.8,Berawan
21.3,81,1007.5,18.8,77,0.4,Berawan
22.0,65,1008.5,4.2,193,0.0,Cerah
27.2,73,1010.0,11.6,5,0.0,Cerah
27.6,73,1007.6,22.4,242,1.7,Berawan
18.6,64,1004.8,15.1,128,0.0,Cerah
26.1,87,1004.8,6.8,111,3.7,Berawan
23.3,59,1010.1,22.5,279,0.2,Berawan
27.5,84,1010.4,4.5,345,1.6,Berawan
18.4,84,1010.6,29.7,357,2.7,Berawan
30.9,61,1004.8,9.0,206,0.0,Cerah
26.9,56,1004.3,18.3,304,1.9,Berawan
18.8,71,1008.2,23.1,186,1.9,Berawan
16.2,86,1010.0,26.2,290,1.6,Berawan
31.6,76,1005.0,25.5,98,2.0,Berawan
22.4,89,1006.4,17.3,100,10.0,Hujan
24.2,83,1009.3,7.5,282,4.0,Berawan
20.4,90,1004.9,20.5,192,36.5,Hujan
29.8,74,1008.9,22.9,331,4.4,Berawan
27.9,92,1006.5,3.9,218,0.2,Berawan
27.5,97,1011.2,3.4,267,2.0,Berawan
29.6,74,1005.3,15.2,287,0.0,Cerah
26.3,97,1005.7,12.9,259,2.3,Berawan
22.3,70,1008.3,28.2,292,2.2,Berawan
29.3,84,1004.2,8.1,357,4.0,Berawan
17.7,66,1008.4,20.0,153,2.0,Berawan
25.4,93,1012.8,5.7,317,1.5,Berawan
17.7,66,1005.0,16.1,12,0.0,Cerah
20.8,89,1010.2,4.7,261,2.8,Berawan
29.1,70,1010.4,8.0,185,0.0,Cerah
21.2,68,1008.5,19.5,98,2.8,Berawan
22.5,70,1005.0,24.8,46,1.8,Berawan
26.6,72,1011.4,16.9,123,0.0,Cerah
16.3,68,1005.6,18.8,253,1.1,Berawan
25.9,68,1011.8,28.8,84,3.2,Berawan
18.8,90,1012.1,6.6,188,0.6,Berawan
20.2,72,1010.1,4.1,226,0.0,Cerah
28.7,66,1005.3,12.8,188,0.0,Cerah
27.7,88,1006.8,14.9,108,4.2,Berawan
16.8,98,1009.4,18.8,191,0.5,Berawan
29.7,68,1009.1,13.7,96,0.0,Cerah
22.3,62,1004.2,5.4,24,0.0,Cerah
23.4,72,1011.6,22.9,233,1.9,Berawan
20.2,79,1005.9,9.4,100,0.2,Berawan
22.8,80,1005.5,27.6,250,0.3,Berawan
19.4,63,1008.5,5.3,274,0.0,Cerah
17.3,76,1010.9,29.7,231,4.0,Berawan
28.5,57,1010.4,28.6,91,0.5,Berawan
27.2,92,1009.2,21.9,301,3.3,Berawan
16.7,76,1011.2,13.2,352,3.5,Berawan
20.6,75,1009.0,10.4,215,2.9,Berawan
30.3,63,1011.2,29.3,178,2.5,Berawan
29.8,63,1005.0,5.6,147,0.0,Cerah
25.7,96,1006.9,12.0,72,4.6,Berawan
20.3,85,1008.5,3.4,47,2.0,Berawan
27.7,87,1008.5,22.6,249,4.9,Berawan
28.9,79,1007.9,19.5,323,4.9,Berawan
21.8,63,1010.4,24.6,336,2.4,Berawan
19.9,64,1005.8,5.6,299,0.0,Cerah
25.0,82,1010.2,5.9,37,4.8,Berawan
31.3,55,1010.5,14.1,149,0.0,Cerah
24.5,68,1005.2,24.5,208,0.4,Berawan
21.2,57,1009.5,18.9,142,2.6,Berawan
26.6,91,1005.0,30.0,134,2.4,Berawan
29.6,86,1012.2,12.0,189,0.9,Berawan
17.8,60,1011.5,18.6,25,4.5,Berawan
29.8,86,1007.3,12.6,137,2.2,Berawan
20.1,90,1011.2,14.8,66,3.2,Berawan
30.2,74,1009.2,8.6,84,0.0,Cerah
22.3,73,1006.6,29.1,147,4.8,Berawan
30.0,81,1006.2,16.4,112,2.1,Berawan
27.5,82,1012.5,12.0,167,4.2,Berawan
22.9,58,1007.6,27.5,84,1.4,Berawan
23.8,75,1007.9,20.5,47,4.2,Berawan
26.6,97,1007.6,11.8,273,2.4,Berawan
17.1,62,1006.2,28.2,213,4.7,Berawan
22.0,63,1009.9,24.5,60,2.6,Berawan
28.6,60,1008.4,23.6,196,2.9,Berawan
23.3,69,1011.8,6.4,225,0.0,Cerah
16.4,68,1004.5,28.3,334,0.9,Berawan
18.5,60,1009.7,3.2,245,0.0,Cerah
18.8,97,1010.3,24.7,209,2.2,Berawan
25.5,56,1010.8,21.0,23,2.6,Berawan
24.6,63,1011.0,8.6,350,0.0,Cerah
23.3,80,1004.7,10.3,33,0.7,Berawan
17.3,95,1006.2,9.7,130,46.7,Hujan
18.1,70,1011.6,11.1,200,0.0,Cerah
17.3,84,1004.2,24.5,274,1.3,Berawan
19.0,62,1009.2,7.1,126,0.0,Cerah
21.2,84,1006.2,16.0,100,2.1,Berawan
22.9,86,1006.3,24.4,142,27.2,Hujan
21.8,82,1008.7,23.1,196,4.5,Berawan
30.3,67,1012.2,10.2,351,0.0,Cerah
28.9,76,1007.9,29.1,120,2.9,Berawan
17.3,91,1011.8,9.7,73,1.5,Berawan
27.2,96,1004.1,14.9,349,1.9,Berawan
30.2,81,1011.8,20.1,142,2.8,Berawan
20.8,67,1011.4,21.2,341,4.6,Berawan
20.7,78,1005.8,23.8,325,4.1,Berawan
19.6,86,1007.5,4.4,327,48.7,Hujan
24.5,90,1007.7,11.1,98,2.8,Berawan
30.5,67,1005.8,7.9,345,0.0,Cerah
25.0,62,1005.3,12.7,89,0.0,Cerah
22.6,66,1007.1,9.0,169,0.0,Cerah
31.0,62,1012.3,5.5,208,0.0,Cerah
19.6,80,1010.7,6.8,201,0.1,Berawan
31.0,84,1004.7,4.6,99,3.4,Berawan
23.4,91,1008.1,4.8,296,3.9,Berawan
21.3,98,1006.5,29.3,283,11.8,Hujan
29.7,56,1012.3,29.7,292,1.6,Berawan
25.8,71,1009.6,4.1,359,0.0,Cerah
24.8,79,1004.7,24.9,20,0.5,Berawan
20.1,86,1009.0,26.3,122,2.8,Berawan
27.6,81,1005.6,6.9,202,1.4,Berawan
26.5,69,1009.7,28.5,291,2.3,Berawan
16.4,65,1004.3,22.7,249,2.2,Berawan
26.1,97,1005.0,17.6,42,3.9,Berawan
30.1,62,1011.5,3.7,169,0.0,Cerah
31.0,73,1012.3,6.3,125,0.0,Cerah
29.2,97,1011.6,10.3,354,2.7,Berawan
27.2,78,1012.4,7.6,25,4.2,Berawan
22.5,68,1009.3,3.4,148,0.0,Cerah
22.9,94,1005.4,3.7,330,43.2,Hujan
21.8,72,1006.9,10.5,122,0.0,Cerah
30.4,72,1009.8,13.0,249,0.0,Cerah
28.7,85,1011.1,12.8,339,3.6,Berawan
29.5,68,1011.5,22.4,186,0.3,Berawan
28.1,64,1011.7,26.7,217,3.1,Berawan
23.8,76,1005.0,10.7,171,1.4,Berawan
17.3,96,1010.2,21.2,326,2.0,Berawan
28.0,79,1010.4,6.4,251,0.7,Berawan
21.6,70,1008.3,10.2,147,0.0,Cerah
24.0,80,1006.7,25.4,55,2.6,Berawan
17.6,72,1006.6,8.4,36,0.0,Cerah
27.7,62,1005.0,29.9,245,0.9,Berawan
27.4,70,1010.3,23.4,186,3.8,Berawan
31.1,62,1007.8,14.1,214,0.0,Cerah
26.6,61,1009.8,27.4,148,3.2,Berawan
20.8,89,1008.3,23.3,329,4.8,Berawan
24.5,94,1006.7,23.4,254,4.8,Berawan
24.4,87,1012.2,5.9,251,4.2,Berawan
17.2,70,1005.8,5.9,160,0.0,Cerah
22.5,83,1012.8,3.6,333,0.6,Berawan
22.9,68,1006.2,27.9,123,0.4,Berawan
28.0,92,1012.3,16.6,86,3.2,Berawan
19.0,67,1011.1,25.3,261,2.6,Berawan
26.0,87,1012.1,6.2,138,1.0,Berawan
31.7,93,1009.4,16.2,323,1.3,Berawan
16.4,75,1008.9,21.1,238,2.6,Berawan
25.8,91,1009.5,13.6,131,3.3,Berawan
25.6,66,1011.2,17.4,318,0.0,Cerah
28.5,76,1010.5,6.3,310,4.5,Berawan
16.5,82,1004.4,20.5,158,3.2,Berawan
19.6,89,1012.3,26.2,195,4.1,Berawan
29.4,58,1006.0,24.6,116,1.4,Berawan
19.5,75,1004.4,9.6,220,0.0,Cerah
25.6,75,1005.5,29.7,94,4.6,Berawan
29.6,58,1012.9,15.1,246,0.0,Cerah
30.1,67,1004.4,6.3,315,0.0,Cerah
18.6,69,1011.3,17.0,299,0.0,Cerah
30.1,83,1006.1,19.0,159,1.9,Berawan
25.1,85,1004.1,23.8,311,3.3,Berawan
21.1,92,1011.7,3.4,197,3.1,Berawan
23.6,89,1005.9,17.9,73,18.4,Hujan
29.8,90,1011.3,19.7,74,4.0,Berawan
24.0,63,1007.1,5.1,108,0.0,Cerah
18.4,84,1006.3,19.4,180,3.0,Berawan
26.8,73,1007.5,17.9,326,0.0,Cerah
23.6,79,1008.7,26.4,136,1.2,Berawan
18.5,62,1012.8,5.6,215,0.0,Cerah
20.0,92,1012.7,8.0,111,2.3,Berawan
29.1,85,1012.6,16.0,94,2.0,Berawan
17.0,76,1007.0,5.6,197,4.6,Berawan
22.8,77,1012.4,5.9,335,1.3,Berawan
30.8,56,1011.2,4.3,124,0.0,Cerah
20.5,63,1009.7,17.6,328,0.0,Cerah
19.8,78,1005.9,7.7,100,4.4,Berawan
29.2,80,1010.0,3.7,308,4.6,Berawan
27.0,56,1010.6,4.8,77,0.0,Cerah
25.9,82,1011.6,12.2,302,2.6,Berawan
30.4,71,1012.6,29.7,296,1.4,Berawan
30.5,67,1009.5,23.9,164,1.0,Berawan
18.0,66,1012.5,11.0,295,0.0,Cerah
18.7,71,1005.1,13.4,153,0.0,Cerah
17.3,61,1004.8,11.1,105,0.0,Cerah
27.6,68,1006.5,5.3,287,0.0,Cerah
31.8,89,1009.0,10.5,313,3.4,Berawan
20.4,83,1007.7,3.1,235,2.8,Berawan
25.0,82,1009.4,20.8,173,0.3,Berawan
22.9,59,1011.4,13.4,163,0.0,Cerah
25.1,59,1009.9,28.0,231,2.8,Berawan
27.0,97,1008.8,17.8,180,2.6,Berawan
25.1,92,1011.5,11.6,177,3.8,Berawan
19.7,93,1005.2,29.1,158,30.5,Hujan
20.4,80,1007.3,17.9,30,4.6,Berawan
29.3,60,1009.5,8.5,118,0.0,Cerah
31.0,75,1011.5,20.3,87,1.6,Berawan
23.7,77,1010.6,15.3,117,1.8,Berawan
19.7,98,1011.5,6.6,170,3.1,Berawan
27.8,63,1009.2,13.1,319,0.0,Cerah
24.3,89,1012.5,29.4,222,1.9,Berawan
22.0,61,1004.4,13.4,305,0.0,Cerah
27.2,96,1008.9,23.0,235,3.2,Berawan
28.8,55,1008.8,17.7,222,0.0,Cerah
25.9,84,1004.7,28.1,19,4.4,Berawan
24.3,62,1006.6,17.7,246,0.0,Cerah
26.1,63,1012.4,6.2,93,0.0,Cerah
27.9,60,1012.7,18.2,131,3.6,Berawan
17.0,60,1008.8,16.0,116,0.0,Cerah
19.5,89,1009.2,7.8,238,1.0,Berawan
29.1,97,1011.2,6.8,56,4.5,Berawan
30.2,55,1005.6,25.4,270,2.3,Berawan
30.1,76,1007.2,11.6,66,1.1,Berawan
26.6,84,1007.8,26.0,85,0.6,Berawan
20.5,83,1004.6,13.9,228,0.6,Berawan
30.6,74,1007.2,11.4,347,0.0,Cerah
25.8,82,1005.5,19.6,189,3.9,Berawan
18.7,66,1010.8,6.4,55,0.0,Cerah
24.4,85,1004.8,8.1,25,1.6,Berawan
28.0,98,1006.1,24.1,254,0.6,Berawan
23.0,78,1009.5,19.9,71,4.4,Berawan
24.3,62,1005.6,15.8,221,0.0,Cerah
21.8,65,1004.5,29.7,320,4.1,Berawan
28.3,75,1005.5,21.2,250,1.4,Berawan
20.5,59,1009.7,9.1,285,0.0,Cerah
31.3,55,1011.9,17.6,59,0.0,Cerah
30.9,73,1012.9,16.0,207,0.0,Cerah
17.1,58,1007.9,23.4,315,4.3,Berawan
18.4,79,1006.6,28.1,338,4.0,Berawan
18.1,91,1004.4,7.1,251,28.4,Hujan
29.6,90,1006.3,20.1,247,2.3,Berawan
28.8,89,1008.7,13.3,333,1.1,Berawan
19.3,79,1007.8,14.6,72,0.5,Berawan
26.2,98,1008.6,24.2,47,2.1,Berawan
16.5,68,1011.5,21.3,228,4.7,Berawan
20.9,87,1005.9,27.8,153,25.0,Hujan
31.6,82,1010.5,15.4,279,2.4,Berawan
21.3,68,1007.3,22.8,32,1.1,Berawan
19.9,84,1008.3,26.3,260,1.9,Berawan
28.8,71,1009.0,22.0,319,0.9,Berawan
23.1,62,1004.7,21.6,76,1.1,Berawan
20.3,56,1010.0,29.1,302,0.6,Berawan
22.9,65,1005.0,11.1,107,0.0,Cerah
31.3,62,1011.3,28.0,338,1.9,Berawan
20.3,75,1008.7,12.9,285,0.0,Cerah
27.8,89,1012.9,29.8,129,0.6,Berawan
26.3,71,1012.1,11.8,343,0.0,Cerah
26.0,70,1010.9,16.8,15,0.0,Cerah
16.5,58,1005.3,11.0,107,0.0,Cerah
20.1,81,1012.2,20.4,253,3.9,Berawan
25.1,65,1005.1,8.2,223,0.0,Cerah
21.9,94,1009.9,20.5,145,0.9,Berawan
16.7,67,1007.4,8.0,352,0.0,Cerah
32.0,79,1006.0,4.2,187,0.2,Berawan
25.9,58,1004.1,26.1,298,4.2,Berawan
30.1,68,1005.4,25.1,168,0.8,Berawan
18.6,96,1012.1,11.6,284,1.2,Berawan
31.0,86,1006.0,27.7,201,0.2,Berawan
16.3,59,1012.8,3.8,239,0.0,Cerah
31.9,62,1011.7,15.5,196,0.0,Cerah
21.4,91,1009.3,18.7,309,0.7,Berawan
32.0,76,1006.5,26.9,357,3.6,Berawan
27.3,87,1009.3,8.8,177,4.8,Berawan
25.6,90,1012.6,22.3,71,2.1,Berawan
28.1,97,1007.7,23.3,117,3.9,Berawan
24.5,86,1008.7,7.8,71,1.7,Berawan
28.2,61,1007.9,21.8,243,0.9,Berawan
25.1,88,1008.9,25.3,150,3.3,Berawan
28.4,66,1006.7,9.7,207,0.0,Cerah
26.5,59,1007.1,11.3,154,0.0,Cerah
17.7,70,1006.3,5.6,154,0.0,Cerah
30.8,95,1006.7,4.7,330,0.5,Berawan
27.2,79,1004.4,19.6,98,4.9,Berawan
31.2,84,1009.2,8.4,29,4.0,Berawan
30.1,94,1012.2,9.9,329,0.9,Berawan
24.3,94,1005.2,14.9,181,3.8,Berawan
24.5,97,1007.4,10.6,238,2.5,Berawan
16.4,75,1009.8,25.2,59,4.6,Berawan
28.2,87,1011.2,12.9,81,2.0,Berawan
23.4,88,1010.4,10.5,169,3.3,Berawan
27.6,75,1012.8,29.4,252,3.6,Berawan
27.7,90,1006.6,10.8,337,4.6,Berawan
16.6,67,1005.4,10.5,145,0.0,Cerah
24.5,66,1012.4,22.8,150,2.7,Berawan
23.1,83,1005.5,25.9,191,2.2,Berawan
31.5,63,1004.6,13.5,223,0.0,Cerah
17.2,86,1004.3,6.0,295,33.0,Hujan
17.3,88,1007.4,8.1,271,29.9,Hujan
17.3,97,1006.7,12.3,356,45.9,Hujan
19.5,56,1010.2,5.9,80,0.0,Cerah
17.3,75,1008.6,5.7,228,0.0,Cerah
22.3,65,1012.5,29.1,149,2.8,Berawan
24.5,65,1008.2,22.7,48,1.4,Berawan
23.8,98,1009.7,14.2,297,1.6,Berawan
30.2,96,1011.1,20.1,210,1.9,Berawan
28.5,84,1010.3,13.5,77,0.8,Berawan
16.6,59,1005.2,26.3,61,1.0,Berawan
28.6,60,1006.7,19.1,287,1.2,Berawan
30.8,63,1004.3,25.2,104,1.2,Berawan
28.9,75,1010.1,15.3,217,0.0,Cerah
21.4,90,1005.8,23.9,314,29.0,Hujan
25.6,82,1010.6,7.5,161,3.9,Berawan
21.3,70,1012.9,29.0,198,2.3,Berawan
24.9,61,1005.9,4.7,229,0.0,Cerah
30.2,74,1011.3,15.3,172,0.0,Cerah
16.3,66,1006.8,13.9,30,0.0,Cerah
22.0,65,1012.4,8.8,14,0.0,Cerah
29.1,81,1013.0,30.0,23,3.1,Berawan
19.1,87,1006.2,18.0,161,45.5,Hujan
22.9,91,1012.3,28.9,292,4.3,Berawan
30.9,86,1012.6,16.4,335,0.6,Berawan
23.3,72,1004.9,20.9,187,4.5,Berawan
28.0,58,1008.6,29.2,207,3.3,Berawan
16.7,75,1005.3,24.1,255,1.5,Berawan
24.7,69,1009.8,21.2,116,2.8,Berawan
20.8,80,1010.5,25.1,135,1.3,Berawan
28.2,59,1010.3,10.9,266,0.0,Cerah
25.6,63,1006.4,7.4,38,0.0,Cerah
16.6,63,1012.5,10.2,79,0.0,Cerah
27.7,58,1006.0,12.6,338,0.0,Cerah
23.9,82,1012.8,10.1,35,0.7,Berawan
29.0,61,1008.4,28.9,10,4.1,Berawan
19.7,95,1006.1,25.1,86,19.8,Hujan
30.0,79,1011.1,6.8,198,4.2,Berawan
24.5,74,1007.3,25.7,262,0.3,Berawan
21.0,64,1008.5,23.3,228,4.6,Berawan
22.2,60,1008.0,23.5,175,3.4,Berawan
18.4,71,1007.8,22.6,131,2.5,Berawan
30.8,64,1005.7,3.6,52,0.0,Cerah
23.7,94,1004.6,18.6,233,20.4,Hujan
23.5,63,1009.7,16.1,39,0.0,Cerah
26.8,91,1005.2,28.9,201,1.1,Berawan
25.9,81,1008.3,5.4,67,1.7,Berawan
22.6,93,1007.2,15.5,132,19.9,Hujan
30.6,77,1007.0,9.8,156,0.4,Berawan
29.6,95,1010.8,25.9,5,0.2,Berawan
20.4,67,1005.5,15.9,314,0.0,Cerah
27.6,68,1004.9,13.7,210,0.0,Cerah
18.0,73,1008.5,20.4,187,3.0,Berawan
19.0,59,1005.6,10.7,285,0.0,Cerah
24.8,71,1010.4,12.3,143,0.0,Cerah
23.5,64,1009.5,7.4,86,0.0,Cerah
28.2,75,1008.1,13.1,149,0.0,Cerah
24.0,93,1005.5,15.7,54,1.6,Berawan
17.0,80,1006.4,21.4,211,4.0,Berawan
16.6,60,1007.9,28.8,345,4.0,Berawan
19.4,89,1008.5,13.9,237,4.6,Berawan
16.9,91,1012.2,6.7,70,2.1,Berawan
30.6,97,1005.8,27.5,349,1.3,Berawan
17.5,89,1011.6,25.5,19,2.3,Berawan
21.6,81,1009.3,26.9,37,4.6,Berawan
25.8,57,1007.6,11.0,209,0.0,Cerah
18.5,97,1006.0,16.0,282,27.5,Hujan
16.8,88,1008.1,10.1,267,3.6,Berawan
17.7,90,1011.6,11.7,87,4.4,Berawan
18.7,91,1010.3,28.6,157,1.2,Berawan
27.5,82,1012.9,24.8,196,4.4,Berawan
19.2,57,1004.8,14.0,64,0.0,Cerah
30.4,56,1011.8,6.9,96,0.0,Cerah
21.7,93,1012.2,5.4,356,2.6,Berawan
29.8,89,1010.0,5.8,123,2.5,Berawan
30.3,77,1008.4,15.6,276,0.5,Berawan
20.1,71,1008.9,28.9,93,0.6,Berawan
25.5,78,1010.2,10.1,344,1.7,Berawan
18.9,65,1010.0,10.1,209,0.0,Cerah
29.4,83,1008.9,3.2,76,3.7,Berawan
30.5,94,1008.9,15.8,54,0.8,Berawan
29.6,57,1005.1,18.0,249,0.0,Cerah
26.2,96,1008.2,7.9,106,2.8,Berawan
25.6,61,1007.1,12.3,30,0.0,Cerah
25.2,77,1007.3,24.8,117,1.1,Berawan
20.6,63,1007.1,25.9,154,3.0,Berawan
26.9,69,1005.6,6.3,55,0.0,Cerah
25.5,86,1005.1,5.4,63,3.9,Berawan
20.0,97,1011.8,12.0,221,0.6,Berawan
20.9,65,1012.2,25.3,49,1.6,Berawan
17.6,64,1004.3,14.7,303,0.0,Cerah
26.3,92,1012.2,3.2,300,2.5,Berawan
28.3,85,1008.9,6.0,2,2.8,Berawan
24.5,88,1012.1,15.5,222,1.1,Berawan
27.7,75,1008.5,7.2,193,0.0,Cerah
21.3,75,1011.6,15.1,359,0.0,Cerah
25.1,74,1006.1,23.6,8,1.5,Berawan
28.7,95,1004.3,29.7,312,0.2,Berawan
30.0,58,1004.7,22.7,184,1.5,Berawan
29.1,86,1004.0,7.2,266,4.8,Berawan
31.5,80,1008.0,24.4,71,0.9,Berawan
17.6,66,1012.2,10.3,325,0.0,Cerah
20.8,76,1012.2,3.2,299,3.5,Berawan
20.8,92,1006.8,26.8,215,25.9,Hujan
24.7,65,1008.2,10.9,207,0.0,Cerah
26.9,61,1010.9,5.6,25,0.0,Cerah
22.7,75,1012.1,7.1,305,0.0,Cerah
29.8,85,1006.3,26.9,174,3.8,Berawan
19.8,66,1005.7,18.2,226,3.0,Berawan
21.4,88,1011.8,19.4,122,0.7,Berawan
24.0,65,1009.7,10.8,297,0.0,Cerah
31.8,59,1005.5,8.5,15,0.0,Cerah
26.8,73,1004.7,15.4,167,0.0,Cerah
23.6,89,1006.4,6.5,12,41.2,Hujan
29.8,62,1004.4,9.4,192,0.0,Cerah
28.5,87,1011.5,12.2,280,3.2,Berawan
27.7,77,1010.6,12.4,319,4.3,Berawan
24.1,77,1007.6,17.8,123,4.8,Berawan
16.3,69,1007.5,14.8,339,0.0,Cerah
29.0,57,1005.8,19.9,275,0.6,Berawan
24.2,61,1007.5,22.5,184,2.1,Berawan
25.2,92,1009.4,6.5,203,3.1,Berawan
26.7,82,1006.4,24.9,174,3.6,Berawan
21.2,98,1008.3,11.5,119,4.7,Berawan
19.0,58,1009.0,24.1,220,2.8,Berawan
17.2,95,1006.2,18.5,45,32.1,Hujan
16.4,90,1008.5,29.0,341,1.8,Berawan
31.4,61,1011.9,15.2,190,0.0,Cerah
29.0,94,1009.3,26.2,174,1.8,Berawan
21.1,66,1007.1,4.5,239,0.0,Cerah
28.5,66,1011.9,5.6,340,0.0,Cerah
20.5,84,1012.0,12.5,269,3.4,Berawan
30.7,88,1006.8,16.3,301,4.3,Berawan
28.7,96,1004.6,19.6,132,1.8,Berawan
21.4,58,1012.6,25.4,260,3.9,Berawan
31.3,91,1012.3,3.2,176,0.3,Berawan
27.7,83,1009.7,3.8,12,0.7,Berawan
26.7,84,1006.2,4.5,209,1.5,Berawan
20.6,57,1004.2,6.2,139,0.0,Cerah
23.5,64,1009.8,24.3,260,3.9,Berawan
18.8,56,1007.5,24.8,26,0.6,Berawan
29.2,64,1008.3,16.8,96,0.0,Cerah
20.2,77,1006.1,29.7,234,0.6,Berawan
21.1,84,1011.0,25.5,244,3.5,Berawan
25.3,84,1010.6,23.5,72,4.6,Berawan
30.2,79,1008.3,26.9,96,1.9,Berawan
19.7,86,1005.2,26.1,29,25.5,Hujan
18.3,71,1011.2,18.7,87,2.7,Berawan
21.0,55,1007.1,5.4,157,0.0,Cerah
29.6,58,1005.3,7.4,94,0.0,Cerah
28.2,97,1010.1,9.4,325,4.5,Berawan
18.7,91,1006.4,7.4,184,25.7,Hujan
28.5,85,1007.4,11.0,287,2.3,Berawan
17.2,63,1007.3,29.5,178,3.4,Berawan
21.2,78,1006.8,28.8,193,1.8,Berawan
29.6,71,1006.1,21.0,287,0.9,Berawan
25.3,62,1007.7,7.0,338,0.0,Cerah
23.2,95,1004.7,22.0,165,16.2,Hujan
24.8,91,1008.3,19.8,251,2.3,Berawan
24.2,75,1011.1,3.4,1,0.0,Cerah
19.0,82,1010.9,9.6,98,4.8,Berawan
17.2,88,1008.4,15.2,96,3.7,Berawan
17.7,80,1012.3,4.8,261,1.4,Berawan
17.8,72,1009.1,23.3,311,1.7,Berawan
31.1,80,1004.0,25.8,60,4.6,Berawan
29.8,63,1009.2,23.1,39,3.2,Berawan
19.2,73,1008.1,8.8,321,0.0,Cerah
17.8,59,1006.8,16.0,79,0.0,Cerah
31.8,94,1010.3,23.5,104,1.6,Berawan
31.1,78,1005.4,13.3,18,2.7,Berawan
26.1,71,1005.3,11.6,20,0.0,Cerah
18.8,70,1011.9,21.6,185,0.5,Berawan
23.8,81,1011.8,25.2,28,0.4,Berawan
19.6,58,1006.3,12.7,263,0.0,Cerah
21.8,92,1004.0,7.9,281,49.6,Hujan
30.5,82,1006.3,23.5,335,4.1,Berawan
19.9,65,1008.4,13.5,180,0.0,Cerah
21.0,88,1007.8,3.3,345,44.7,Hujan
30.5,61,1006.4,29.1,146,1.6,Berawan
22.2,89,1005.9,6.3,266,25.8,Hujan
24.4,64,1004.9,4.8,297,0.0,Cerah
16.8,96,1010.2,11.2,255,0.3,Berawan
22.0,83,1009.4,20.9,221,4.8,Berawan
27.1,96,1004.6,25.6,344,0.2,Berawan
28.6,80,1008.3,15.9,355,0.2,Berawan
29.1,78,1009.4,14.5,35,3.4,Berawan
19.7,66,1011.5,27.9,56,2.2,Berawan
21.6,61,1012.4,27.6,309,1.6,Berawan
24.7,65,1008.2,6.5,323,0.0,Cerah
28.8,62,1011.4,29.4,265,3.3,Berawan
31.9,55,1004.8,20.7,45,0.7,Berawan
28.2,86,1004.1,16.8,89,3.0,Berawan
21.9,79,1012.9,11.4,221,1.0,Berawan
19.5,81,1009.0,28.2,244,0.2,Berawan
21.6,60,1011.0,4.6,9,0.0,Cerah
17.3,64,1012.8,16.1,270,0.0,Cerah
24.1,75,1012.1,21.6,141,1.2,Berawan
29.8,59,1007.5,24.4,146,3.7,Berawan
16.5,61,1012.5,16.8,284,0.0,Cerah
25.7,67,1006.9,7.7,275,0.0,Cerah
30.6,79,1004.1,23.8,280,2.2,Berawan
17.3,85,1008.4,28.8,332,1.2,Berawan
23.7,70,1005.8,4.2,349,0.0,Cerah
17.5,67,1009.0,8.4,11,0.0,Cerah
27.3,78,1009.6,22.7,6,4.1,Berawan
24.2,94,1004.9,4.3,203,0.8,Berawan
29.3,76,1006.4,25.3,160,4.4,Berawan
23.8,73,1004.3,3.3,29,0.0,Cerah
25.8,88,1011.7,17.9,5,2.1,Berawan
17.9,56,1007.5,14.4,160,0.0,Cerah
25.7,71,1011.4,9.1,322,0.0,Cerah
17.2,67,1012.7,18.7,313,0.4,Berawan
26.5,79,1009.2,10.9,287,2.9,Berawan
29.9,59,1004.7,8.7,77,0.0,Cerah
20.2,73,1005.1,3.5,302,0.0,Cerah
28.7,70,1005.6,26.7,115,0.4,Berawan
25.9,80,1007.4,16.7,224,4.3,Berawan
21.8,76,1012.9,12.4,325,3.2,Berawan
30.4,74,1010.8,7.9,237,0.0,Cerah
17.0,75,1006.4,14.2,281,2.3,Berawan
30.0,96,1004.7,18.7,310,2.6,Berawan
19.6,71,1009.5,6.5,244,0.0,Cerah
27.8,87,1009.0,9.2,207,0.4,Berawan
30.8,61,1006.9,26.3,80,3.6,Berawan
25.4,96,1005.6,4.3,28,3.6,Berawan
26.0,62,1006.7,24.4,236,2.9,Berawan
16.1,93,1010.7,23.1,261,2.8,Berawan
30.2,85,1004.5,11.8,203,4.4,Berawan
30.9,72,1011.8,23.8,16,1.9,Berawan
20.2,69,1006.4,21.4,70,0.7,Berawan
23.1,62,1005.9,24.2,288,2.5,Berawan
19.2,96,1012.0,29.3,56,4.3,Berawan
22.8,79,1006.9,17.4,130,4.4,Berawan
22.5,87,1012.9,23.3,74,4.9,Berawan
20.8,67,1007.6,27.8,319,0.1,Berawan
31.6,78,1004.5,7.6,222,4.2,Berawan
21.3,92,1008.6,4.9,322,1.8,Berawan
28.2,58,1009.3,6.9,74,0.0,Cerah
30.3,93,1004.6,26.9,269,4.0,Berawan
19.8,74,1009.8,7.2,80,0.0,Cerah
30.3,96,1008.4,16.6,52,1.7,Berawan
21.7,89,1004.2,20.5,296,40.9,Hujan
27.4,91,1004.9,8.7,56,2.1,Berawan
31.8,61,1004.0,25.2,344,4.3,Berawan
27.5,70,1004.7,28.1,227,1.9,Berawan
23.8,84,1007.0,5.7,290,3.6,Berawan
18.1,85,1012.0,20.3,275,0.3,Berawan
22.5,64,1005.1,24.8,284,4.3,Berawan
19.4,77,1004.5,21.7,132,3.3,Berawan
22.7,85,1011.5,10.4,42,0.5,Berawan
31.8,79,1006.8,21.2,310,2.9,Berawan
22.6,90,1005.6,16.0,303,43.0,Hujan
28.8,91,1007.6,28.6,344,2.3,Berawan
19.9,86,1008.0,20.4,303,47.7,Hujan
31.8,91,1012.1,28.0,217,3.1,Berawan
20.2,80,1012.9,6.3,248,2.6,Berawan
26.5,61,1007.4,22.4,119,0.2,Berawan
30.5,90,1007.2,7.7,294,4.2,Berawan
23.5,59,1011.0,6.9,17,0.0,Cerah
24.3,61,1012.4,21.7,254,2.2,Berawan
29.2,80,1005.3,3.7,77,3.3,Berawan
19.5,85,1012.4,6.7,185,0.3,Berawan
22.2,91,1009.3,12.0,103,3.1,Berawan
26.0,95,1006.9,7.0,91,2.1,Berawan
28.1,69,1009.2,21.8,23,0.6,Berawan
26.1,78,1011.6,28.4,281,2.9,Berawan
22.5,86,1008.3,17.8,155,1.5,Berawan
20.1,60,1007.5,16.8,275,0.0,Cerah
22.3,74,1010.9,29.0,356,3.4,Berawan
23.9,73,1007.4,10.9,112,0.0,Cerah
31.5,96,1011.7,4.3,145,1.4,Berawan
21.8,88,1006.5,4.2,317,11.8,Hujan
29.8,58,1012.5,15.5,274,0.0,Cerah
21.2,70,1008.2,11.1,206,0.0,Cerah
22.1,95,1010.9,9.8,76,2.0,Berawan
18.5,57,1008.0,9.5,283,0.0,Cerah
23.2,96,1007.1,11.6,105,23.7,Hujan
27.3,91,1008.0,25.4,274,2.4,Berawan
30.6,96,1005.7,4.1,9,3.7,Berawan
19.7,80,1009.1,28.7,351,3.8,Berawan
27.2,82,1008.8,10.1,146,1.2,Berawan
21.4,93,1007.4,28.1,33,17.5,Hujan
29.3,57,1009.6,23.5,81,2.2,Berawan
28.8,72,1010.5,14.3,340,0.0,Cerah
21.2,62,1009.5,6.7,291,0.0,Cerah
29.9,62,1005.4,22.6,82,2.0,Berawan
23.9,90,1005.9,27.7,92,12.6,Hujan
20.5,56,1004.6,26.6,258,1.6,Berawan
23.3,79,1010.7,17.9,161,4.0,Berawan
21.4,71,1005.8,25.3,51,4.4,Berawan
23.2,94,1004.8,14.4,29,45.7,Hujan
28.8,56,1010.8,4.6,96,0.0,Cerah
24.0,75,1011.1,22.4,47,3.0,Berawan
21.4,56,1011.8,14.1,205,0.0,Cerah
25.5,80,1007.1,6.4,133,1.2,Berawan
29.6,68,1012.2,7.7,33,0.0,Cerah
28.4,71,1013.0,11.7,21,0.0,Cerah
20.4,73,1005.0,5.2,215,0.0,Cerah
30.7,86,1011.8,26.1,1,2.4,Berawan
26.3,90,1012.0,22.2,95,4.4,Berawan
24.8,60,1012.3,12.0,226,0.0,Cerah
26.9,93,1012.6,10.4,239,4.0,Berawan
26.5,85,1011.8,19.4,50,4.3,Berawan
29.9,66,1012.0,6.3,117,0.0,Cerah
20.0,57,1007.5,13.7,344,0.0,Cerah
19.9,86,1005.9,3.6,72,41.7,Hujan
31.5,88,1007.3,23.7,302,4.8,Berawan
21.1,78,1005.9,14.8,173,3.9,Berawan
19.7,91,1007.6,15.8,21,17.9,Hujan
31.3,86,1010.2,12.1,65,2.3,Berawan
23.6,63,1005.7,22.2,251,1.3,Berawan
31.1,81,1010.2,18.5,169,3.0,Berawan
16.5,66,1009.7,17.6,91,0.0,Cerah
24.4,74,1008.1,26.3,66,2.2,Berawan
19.0,98,1007.4,8.4,210,49.5,Hujan
22.4,61,1008.3,5.5,341,0.0,Cerah
25.8,90,1005.1,18.1,145,1.1,Berawan
25.9,78,1005.5,27.1,198,2.3,Berawan
32.0,72,1012.2,3.2,190,0.0,Cerah
27.8,88,1011.1,11.3,203,4.0,Berawan
23.0,58,1012.2,29.9,140,3.0,Berawan
23.4,78,1011.0,8.4,221,0.4,Berawan
31.8,94,1006.0,14.6,297,1.5,Berawan
16.9,85,1006.6,12.5,168,21.3,Hujan
25.3,81,1004.6,5.1,219,1.5,Berawan
21.7,68,1010.0,11.3,15,0.0,Cerah
29.1,62,1011.4,13.7,310,0.0,Cerah
31.7,91,1004.3,13.2,245,4.1,Berawan
30.6,96,1008.3,18.3,135,1.2,Berawan
17.4,89,1007.5,3.8,69,43.5,Hujan
21.6,71,1005.0,6.6,264,0.0,Cerah
19.8,60,1005.9,6.0,355,0.0,Cerah
29.2,67,1006.7,3.4,356,0.0,Cerah
20.4,70,1011.5,15.6,176,0.0,Cerah
17.6,75,1010.2,9.1,121,0.0,Cerah
19.3,89,1009.0,16.6,17,3.9,Berawan
25.5,62,1005.5,5.6,31,0.0,Cerah
27.0,91,1012.3,24.6,201,1.5,Berawan
17.2,65,1009.9,6.0,122,0.0,Cerah
30.6,80,1007.7,19.5,312,2.9,Berawan
30.9,84,1012.3,27.8,107,3.5,Berawan
18.4,77,1012.7,25.7,146,0.7,Berawan
26.7,80,1009.2,3.6,155,4.8,Berawan
32.0,69,1009.3,13.2,343,0.0,Cerah
27.6,60,1010.1,17.9,13,0.0,Cerah
29.3,95,1005.7,6.3,173,1.2,Berawan
29.1,70,1006.1,7.2,40,0.0,Cerah
31.4,60,1010.4,3.1,134,0.0,Cerah
18.2,98,1005.0,16.1,168,31.7,Hujan
28.1,95,1005.4,23.8,247,2.6,Berawan
20.7,65,1009.1,27.4,109,3.3,Berawan
30.5,93,1012.2,28.6,33,0.7,Berawan
17.9,90,1010.8,22.2,309,3.1,Berawan
21.1,77,1007.2,5.6,153,4.9,Berawan
20.8,62,1009.3,13.0,81,0.0,Cerah
31.3,80,1010.1,12.8,347,3.1,Berawan
22.8,92,1010.6,7.2,350,1.9,Berawan
28.4,63,1009.4,26.4,129,3.7,Berawan
25.1,58,1012.2,24.2,260,4.3,Berawan
16.5,56,1010.2,19.8,338,3.5,Berawan
31.7,64,1007.4,21.7,3,4.8,Berawan
24.8,92,1011.7,13.3,244,1.4,Berawan
25.7,74,1010.9,18.9,69,4.4,Berawan
29.8,60,1011.6,14.3,138,0.0,Cerah
26.5,75,1008.4,8.0,75,0.0,Cerah
20.9,94,1007.8,23.2,295,39.3,Hujan
26.8,59,1010.9,24.5,320,4.2,Berawan
24.4,78,1011.9,25.3,294,1.1,Berawan
21.5,89,1007.8,28.3,163,45.0,Hujan
31.5,82,1005.1,21.2,211,0.5,Berawan
29.5,58,1007.6,9.9,7,0.0,Cerah
30.1,71,1004.5,8.4,132,0.0,Cerah
19.7,59,1006.5,24.4,76,4.5,Berawan
16.9,70,1012.5,8.8,19,0.0,Cerah
18.6,63,1009.4,5.1,152,0.0,Cerah
24.9,83,1004.3,7.8,163,0.7,Berawan
26.2,64,1010.0,5.1,286,0.0,Cerah
17.5,78,1007.2,22.1,164,2.5,Berawan
23.0,63,1004.3,4.8,299,0.0,Cerah
30.5,77,1011.1,15.7,151,2.8,Berawan
18.0,75,1004.2,21.4,291,2.9,Berawan
16.3,63,1004.9,26.9,152,4.4,Berawan
20.9,61,1011.4,4.5,122,0.0,Cerah
21.7,65,1008.8,21.2,139,4.0,Berawan
25.8,78,1012.7,13.9,262,2.7,Berawan
17.7,80,1008.4,14.9,109,4.5,Berawan
21.2,63,1009.4,13.2,9,0.0,Cerah
18.7,94,1011.3,19.5,68,3.6,Berawan
30.7,88,1008.6,7.8,32,0.7,Berawan
16.5,93,1010.4,19.3,287,3.4,Berawan
18.0,79,1005.3,6.8,44,1.3,Berawan
23.7,62,1009.2,16.8,297,0.0,Cerah
30.9,72,1008.5,10.7,221,0.0,Cerah
20.2,67,1006.0,19.1,256,1.7,Berawan
19.4,63,1009.5,22.2,182,3.6,Berawan
27.2,57,1005.8,26.7,84,2.7,Berawan
25.4,83,1006.0,5.0,261,1.2,Berawan
21.4,89,1010.3,11.4,203,2.1,Berawan
20.1,81,1008.1,27.3,264,1.1,Berawan
29.2,90,1008.3,25.1,79,3.4,Berawan
29.3,63,1011.6,13.7,332,0.0,Cerah
21.2,67,1012.0,5.8,143,0.0,Cerah
28.2,94,1007.9,5.0,318,1.2,Berawan
24.9,59,1009.2,21.8,217,3.2,Berawan
30.3,95,1010.6,15.8,284,3.6,Berawan
30.9,82,1006.0,21.3,25,4.4,Berawan
24.4,60,1010.7,11.1,335,0.0,Cerah
22.3,75,1008.4,5.4,226,0.0,Cerah
16.4,62,1011.1,10.7,307,0.0,Cerah
22.0,55,1004.7,17.1,351,0.0,Cerah
19.8,58,1012.6,17.3,60,0.0,Cerah
18.5,78,1010.8,29.6,342,4.0,Berawan
28.4,76,1005.0,12.3,223,0.6,Berawan
26.3,72,1004.2,24.4,354,1.7,Berawan
30.5,61,1010.7,7.3,27,0.0,Cerah
22.6,96,1004.9,4.0,121,40.4,Hujan
20.4,62,1008.2,11.5,0,0.0,Cerah
18.4,74,1004.4,21.7,23,4.8,Berawan
18.0,78,1007.8,26.9,338,0.9,Berawan
27.6,79,1004.7,9.2,17,2.9,Berawan
20.3,95,1006.8,7.8,215,15.1,Hujan
24.6,85,1009.4,12.5,338,3.8,Berawan
25.6,76,1009.5,26.1,208,3.2,Berawan
27.9,71,1010.5,13.0,120,0.0,Cerah
26.7,59,1011.5,18.5,291,3.3,Berawan
29.9,82,1004.8,18.6,182,2.6,Berawan
20.3,77,1012.4,7.1,197,2.7,Berawan
21.6,63,1010.7,6.6,124,0.0,Cerah
23.2,56,1004.5,21.3,81,0.6,Berawan
23.5,94,1004.6,23.0,27,29.9,Hujan
18.7,78,1006.1,17.4,259,4.1,Berawan
25.7,90,1011.9,15.3,349,4.4,Berawan
16.6,78,1009.0,24.9,184,1.2,Berawan
16.8,98,1004.1,5.0,112,25.8,Hujan
30.9,77,1005.6,20.6,305,2.7,Berawan
21.8,79,1011.5,4.4,20,1.8,Berawan
20.5,57,1007.1,21.3,38,2.1,Berawan
28.8,60,1008.0,14.0,131,0.0,Cerah
29.7,67,1005.4,16.7,346,0.0,Cerah
21.8,76,1006.7,18.1,141,3.2,Berawan
29.6,83,1012.0,18.3,1,1.9,Berawan
16.5,88,1010.8,25.9,236,2.7,Berawan
17.9,91,1010.8,7.5,292,2.6,Berawan
24.6,62,1012.5,25.9,188,4.1,Berawan
17.3,78,1009.1,18.6,94,1.5,Berawan
25.5,87,1010.6,23.2,31,4.3,Berawan
30.4,66,1007.2,6.9,263,0.0,Cerah
27.5,69,1012.3,17.2,189,0.0,Cerah
20.8,73,1008.9,14.8,239,0.0,Cerah
20.9,70,1007.3,20.4,153,2.5,Berawan
23.8,84,1007.6,14.6,310,3.9,Berawan
23.4,60,1005.1,24.6,5,3.2,Berawan
17.6,64,1011.6,11.3,169,0.0,Cerah
24.7,83,1012.8,10.4,151,4.0,Berawan
31.6,64,1006.5,28.4,278,2.2,Berawan
19.7,88,1004.1,19.8,83,45.9,Hujan
20.1,71,1009.3,24.4,237,1.8,Berawan
23.3,67,1009.9,11.7,167,0.0,Cerah
31.4,61,1008.6,23.4,162,0.4,Berawan
24.4,90,1010.3,27.2,279,4.8,Berawan
20.0,97,1006.0,3.9,359,39.6,Hujan
20.8,56,1011.8,9.1,296,0.0,Cerah
22.7,90,1012.0,26.1,102,2.9,Berawan
22.4,67,1005.0,19.4,292,1.6,Berawan
23.0,69,1011.9,3.5,315,0.0,Cerah
24.2,56,1007.3,29.8,234,3.2,Berawan
28.1,77,1006.1,26.9,35,0.6,Berawan
21.2,97,1010.2,28.4,197,2.5,Berawan
26.4,67,1008.2,25.6,292,3.7,Berawan
20.9,69,1010.6,20.4,341,1.8,Berawan
24.4,82,1011.1,3.6,324,3.4,Berawan
31.1,62,1011.2,5.4,240,0.0,Cerah
20.9,67,1012.1,21.4,304,1.7,Berawan
21.6,63,1009.4,23.2,193,3.2,Berawan
16.5,85,1012.6,10.7,43,3.8,Berawan
17.4,89,1006.1,15.1,354,39.4,Hujan
30.4,88,1012.3,14.1,16,1.0,Berawan
19.8,94,1006.4,18.1,28,14.2,Hujan
23.7,66,1008.0,3.3,295,0.0,Cerah
26.9,80,1007.1,5.3,259,3.8,Berawan
27.2,86,1008.4,24.4,97,0.6,Berawan
16.5,75,1007.2,3.4,230,0.0,Cerah
18.2,61,1008.6,4.1,277,0.0,Cerah
30.3,68,1005.4,18.2,2,4.6,Berawan
19.9,94,1007.8,23.3,323,43.3,Hujan
29.8,77,1009.4,4.1,154,3.3,Berawan
31.5,87,1004.4,13.5,314,0.2,Berawan
25.3,72,1004.1,4.3,241,0.0,Cerah
29.7,77,1007.9,5.1,273,2.8,Berawan
18.3,59,1006.3,16.0,34,0.0,Cerah
16.9,79,1008.1,13.7,324,2.4,Berawan
20.0,89,1004.0,10.4,162,37.3,Hujan
18.6,61,1012.1,4.9,263,0.0,Cerah
23.6,69,1011.3,10.8,120,0.0,Cerah
19.4,75,1012.9,20.0,51,2.9,Berawan
21.7,84,1004.8,26.8,111,2.7,Berawan
26.7,68,1007.2,17.6,0,0.0,Cerah
20.9,58,1008.8,24.1,239,2.3,Berawan
31.5,89,1011.5,25.8,152,3.2,Berawan
24.8,90,1011.2,15.2,1,1.6,Berawan
17.3,64,1010.2,11.9,113,0.0,Cerah
30.2,87,1010.2,10.2,107,0.2,Berawan
18.6,86,1012.4,14.9,198,3.5,Berawan
25.1,76,1012.9,20.5,109,0.3,Berawan
32.0,84,1012.3,11.4,230,0.4,Berawan
20.3,84,1007.0,21.8,89,2.7,Berawan
21.3,60,1011.5,20.3,85,1.7,Berawan
23.0,86,1005.5,24.9,330,33.5,Hujan
28.9,81,1010.5,3.6,55,2.0,Berawan
28.4,95,1006.0,13.1,24,4.6,Berawan
18.1,86,1005.1,27.1,227,40.4,Hujan
29.7,61,1012.1,13.4,107,0.0,Cerah
31.6,82,1007.5,29.6,148,1.6,Berawan
25.2,67,1009.4,18.0,285,0.0,Cerah
28.9,67,1005.8,19.2,217,1.1,Berawan
29.3,82,1004.2,13.7,295,2.4,Berawan
19.1,71,1007.2,23.8,137,1.5,Berawan
27.2,88,1012.3,10.7,314,2.3,Berawan
29.2,94,1012.9,24.8,258,3.3,Berawan
27.0,98,1010.4,27.4,174,4.3,Berawan
17.7,80,1008.9,11.7,180,3.0,Berawan
29.8,83,1009.2,5.0,58,1.1,Berawan
25.9,76,1009.1,26.5,247,2.9,Berawan
23.2,57,1007.4,27.8,23,4.8,Berawan
17.3,89,1004.9,14.4,221,39.1,Hujan
27.0,91,1006.8,8.5,51,1.6,Berawan
31.1,57,1008.2,29.7,279,2.0,Berawan
18.8,93,1012.0,22.0,275,3.8,Berawan
26.6,94,1008.7,17.7,260,1.8,Berawan
28.1,75,1008.0,8.6,47,0.0,Cerah
16.8,91,1006.8,26.1,277,49.8,Hujan
25.6,71,1012.3,18.8,173,2.8,Berawan
25.4,83,1012.1,9.5,108,2.4,Berawan
28.8,96,1005.0,12.7,205,4.5,Berawan
26.6,61,1011.6,13.7,13,0.0,Cerah
28.2,71,1010.5,27.3,130,0.4,Berawan
22.0,60,1008.6,12.6,26,0.0,Cerah
17.2,65,1010.3,21.5,214,0.9,Berawan
31.7,95,1007.2,18.2,133,0.7,Berawan
30.0,95,1010.7,8.3,272,1.6,Berawan
20.0,65,1005.8,4.8,8,0.0,Cerah
22.1,62,1006.1,17.7,7,0.0,Cerah
17.5,67,1010.5,24.2,103,1.7,Berawan
29.2,74,1010.0,20.7,278,4.6,Berawan
29.6,67,1005.9,21.3,144,1.0,Berawan
31.5,81,1011.5,21.1,176,0.3,Berawan
24.9,85,1005.6,22.4,105,2.0,Berawan
25.8,75,1009.1,21.9,147,1.0,Berawan
26.6,69,1004.6,5.0,33,0.0,Cerah
28.8,74,1004.3,7.5,96,0.0,Cerah
27.4,79,1010.5,15.1,308,2.1,Berawan
28.1,68,1006.3,7.3,85,0.0,Cerah
29.9,75,1012.4,11.0,359,0.0,Cerah
16.2,68,1008.0,23.3,74,2.2,Berawan
23.8,65,1008.8,19.8,28,2.5,Berawan
25.8,65,1007.3,20.2,344,0.8,Berawan
30.6,90,1004.9,22.3,203,1.8,Berawan
19.3,94,1007.5,11.3,3,41.4,Hujan
16.1,79,1010.1,27.5,165,4.4,Berawan
24.1,92,1009.8,25.7,28,3.5,Berawan
28.5,83,1012.5,19.9,134,2.8,Berawan
26.1,95,1010.8,18.6,132,0.9,Berawan
24.2,75,1010.9,25.9,352,2.9,Berawan
19.5,91,1007.1,26.3,157,44.0,Hujan
20.2,62,1012.6,27.9,111,1.6,Berawan
29.0,59,1011.8,21.3,135,3.5,Berawan
30.2,61,1009.7,25.0,344,0.5,Berawan
25.2,57,1007.1,6.2,21,0.0,Cerah
20.7,62,1011.4,22.7,6,3.7,Berawan
21.0,77,1005.2,22.9,135,4.4,Berawan
20.3,62,1010.5,22.6,290,0.4,Berawan
28.1,81,1010.0,26.4,322,1.7,Berawan
17.9,70,1004.1,27.9,39,4.1,Berawan
31.2,55,1007.0,23.5,65,2.9,Berawan
30.1,60,1009.6,27.0,101,0.5,Berawan
28.2,78,1008.7,25.2,226,4.6,Berawan
21.6,71,1011.5,26.5,182,0.8,Berawan
32.0,97,1009.2,15.2,319,3.5,Berawan
28.2,73,1010.3,14.4,79,0.0,Cerah
23.4,59,1005.8,21.4,44,2.2,Berawan
27.1,62,1005.6,25.2,278,3.6,Berawan
25.7,79,1011.9,23.9,307,2.1,Berawan
21.5,65,1004.4,9.4,29,0.0,Cerah
21.6,81,1012.4,12.0,124,2.8,Berawan
29.3,76,1012.8,20.8,161,3.1,Berawan
31.8,77,1012.8,19.4,207,2.9,Berawan
29.6,56,1010.7,3.7,299,0.0,Cerah
22.3,78,1010.9,28.0,217,1.1,Berawan
28.4,65,1009.1,9.9,6,0.0,Cerah
24.4,86,1005.5,19.5,321,0.4,Berawan
24.5,92,1008.1,24.5,266,4.1,Berawan
25.7,64,1011.1,27.9,45,4.5,Berawan
21.7,76,1006.7,19.1,267,0.7,Berawan
31.6,68,1006.6,20.7,8,2.1,Berawan
18.0,78,1005.5,25.3,71,0.9,Berawan
23.9,73,1008.1,12.1,289,0.0,Cerah
23.8,70,1008.2,12.3,204,0.0,Cerah
24.6,70,1005.1,23.8,121,0.9,Berawan
30.7,92,1012.3,6.2,105,1.9,Berawan
24.7,65,1012.2,26.7,35,2.6,Berawan
31.6,76,1006.8,26.7,212,1.3,Berawan
19.8,64,1004.0,6.8,232,0.0,Cerah
21.2,58,1008.7,18.4,129,0.6,Berawan
29.1,92,1012.5,11.7,44,3.5,Berawan
30.0,62,1004.7,3.9,257,0.0,Cerah
29.4,59,1007.5,19.3,13,4.5,Berawan
17.3,85,1011.4,17.2,40,1.7,Berawan
16.7,67,1010.3,7.5,265,0.0,Cerah
19.5,82,1004.8,5.2,316,0.5,Berawan
22.5,58,1006.1,9.9,308,0.0,Cerah
30.0,78,1008.6,11.9,121,2.5,Berawan
17.5,82,1012.9,28.7,246,3.4,Berawan
23.9,76,1012.5,14.5,334,2.9,Berawan
23.0,75,1010.9,8.1,84,0.7,Berawan
20.9,62,1010.2,22.3,4,3.4,Berawan
20.2,56,1012.6,18.9,177,3.5,Berawan
30.7,90,1011.2,14.0,109,0.8,Berawan
30.7,59,1006.6,21.2,59,4.8,Berawan
27.7,83,1012.9,11.8,143,1.7,Berawan
30.6,83,1005.6,5.7,358,1.2,Berawan
24.7,83,1012.4,12.6,85,2.7,Berawan
30.2,92,1006.8,16.9,347,3.2,Berawan
20.5,92,1009.3,26.9,2,0.7,Berawan
29.0,72,1006.0,15.6,172,0.0,Cerah
25.2,81,1006.6,7.3,119,4.1,Berawan
27.7,85,1011.1,17.3,69,1.6,Berawan
31.7,73,1008.4,12.6,9,0.0,Cerah
30.6,66,1005.1,11.2,310,0.0,Cerah
16.5,84,1005.2,24.8,244,0.7,Berawan
18.9,83,1004.6,24.6,90,1.4,Berawan
24.3,85,1010.3,12.0,93,2.7,Berawan
30.1,63,1009.7,10.7,160,0.0,Cerah
23.1,85,1004.4,18.4,191,3.0,Berawan
23.1,77,1006.1,3.8,281,3.2,Berawan
26.8,77,1005.0,12.5,143,1.2,Berawan
25.9,77,1004.5,8.6,10,4.6,Berawan
25.3,92,1007.0,17.6,269,3.2,Berawan
20.2,86,1009.3,18.3,36,4.2,Berawan
16.3,66,1011.7,13.5,317,0.0,Cerah
25.7,82,1011.4,24.0,5,0.8,Berawan
28.3,76,1008.0,20.1,303,4.1,Berawan
19.0,94,1011.4,8.7,59,3.6,Berawan
28.8,59,1008.2,6.7,356,0.0,Cerah
22.4,66,1011.1,11.8,322,0.0,Cerah
18.8,84,1004.0,22.4,50,4.1,Berawan
18.4,89,1004.3,3.7,56,15.6,Hujan
16.4,88,1007.5,15.6,122,36.7,Hujan
27.9,87,1009.7,6.6,169,3.1,Berawan
31.4,84,1006.5,5.6,356,0.3,Berawan
23.4,94,1005.5,17.0,93,12.7,Hujan
18.6,85,1008.6,23.7,275,0.8,Berawan
28.1,61,1007.2,19.9,268,4.3,Berawan
26.8,71,1006.2,5.3,342,0.0,Cerah
29.3,97,1004.4,12.4,89,1.5,Berawan
16.0,62,1012.7,9.3,157,0.0,Cerah
21.2,68,1012.9,23.4,246,3.0,Berawan
21.7,61,1011.2,8.5,47,0.0,Cerah
22.9,75,1009.9,10.0,187,2.6,Berawan
28.7,56,1012.1,23.5,172,0.7,Berawan
27.9,75,1012.1,27.3,343,1.2,Berawan
23.6,92,1011.1,20.0,81,0.9,Berawan
16.4,59,1012.4,16.5,283,0.0,Cerah
31.8,65,1011.6,8.5,130,0.0,Cerah
18.3,87,1006.7,10.3,102,11.9,Hujan
17.8,75,1010.9,15.4,118,4.2,Berawan
16.3,76,1006.8,25.9,0,2.0,Berawan
19.3,90,1009.5,21.4,149,4.2,Berawan
19.3,82,1008.6,19.9,224,1.4,Berawan
27.2,63,1008.4,28.9,39,4.1,Berawan
24.8,60,1012.4,14.7,87,0.0,Cerah
26.8,65,1005.0,13.4,104,0.0,Cerah
28.6,86,1010.7,26.9,250,4.1,Berawan
21.6,84,1011.6,12.4,338,1.3,Berawan
31.2,81,1006.4,28.4,97,2.5,Berawan
21.6,69,1012.0,3.7,81,0.0,Cerah
29.9,58,1004.9,19.8,53,4.4,Berawan
17.8,95,1008.6,12.9,229,2.1,Berawan
29.4,67,1009.1,13.9,185,0.0,Cerah
26.2,58,1006.8,9.9,96,0.0,Cerah
18.9,63,1007.5,8.7,355,0.0,Cerah
27.7,57,1007.2,20.8,111,0.4,Berawan
23.3,68,1008.2,18.8,143,0.7,Berawan
28.5,72,1011.5,17.2,321,0.0,Cerah
16.5,69,1009.8,16.3,128,0.0,Cerah
24.9,92,1006.7,6.1,55,0.2,Berawan
21.9,96,1007.7,24.3,222,45.2,Hujan
31.2,63,1011.2,13.0,358,0.0,Cerah
28.3,73,1005.5,10.7,256,0.0,Cerah
18.9,77,1010.9,30.0,138,1.5,Berawan
17.1,73,1012.9,23.9,151,2.8,Berawan
16.9,81,1004.4,14.5,41,2.2,Berawan
23.6,92,1011.5,29.2,158,1.3,Berawan
19.3,76,1005.1,17.2,206,2.7,Berawan
22.8,60,1009.5,6.3,135,0.0,Cerah
23.5,77,1011.1,27.2,148,1.1,Berawan
26.7,55,1006.8,4.7,202,0.0,Cerah
23.4,76,1009.7,13.8,50,2.0,Berawan
24.5,80,1007.5,28.0,286,3.8,Berawan
27.5,87,1005.4,10.6,341,3.6,Berawan
22.7,86,1011.5,16.1,16,3.6,Berawan
22.6,72,1010.5,16.5,190,0.0,Cerah
16.8,70,1007.3,25.6,222,3.3,Berawan
28.5,72,1005.4,19.6,168,1.0,Berawan
28.1,84,1008.7,16.5,92,0.8,Berawan
29.5,73,1009.2,10.4,60,0.0,Cerah
24.7,89,1009.6,10.2,168,2.4,Berawan
21.9,68,1010.9,19.5,15,4.6,Berawan
23.5,91,1007.2,9.5,20,48.1,Hujan
27.7,97,1005.0,18.7,359,3.8,Berawan
21.1,82,1012.2,27.3,35,3.6,Berawan
21.7,77,1011.5,29.5,174,0.1,Berawan
16.8,57,1012.5,20.7,126,2.3,Berawan
24.2,57,1004.7,18.3,283,3.0,Berawan
27.2,88,1008.8,25.1,119,2.1,Berawan
22.7,80,1007.1,16.2,31,4.1,Berawan
29.5,91,1009.3,27.7,106,3.5,Berawan
22.3,59,1007.4,18.2,9,0.9,Berawan
27.7,67,1011.7,26.5,133,2.4,Berawan
17.5,65,1009.2,14.7,304,0.0,Cerah
24.1,88,1009.2,16.2,187,3.0,Berawan
25.4,69,1010.3,5.4,64,0.0,Cerah
17.8,90,1008.1,11.8,188,1.4,Berawan
18.1,75,1009.0,24.5,146,1.8,Berawan
22.4,89,1006.3,24.8,22,32.8,Hujan
17.1,70,1012.9,28.3,41,4.8,Berawan
18.0,61,1010.2,19.5,64,3.0,Berawan
31.9,90,1011.7,28.6,38,4.3,Berawan
17.3,68,1011.1,4.0,281,0.0,Cerah
26.3,83,1005.8,14.8,105,0.7,Berawan
22.8,74,1005.9,5.9,234,0.0,Cerah
27.8,61,1004.3,28.3,295,2.0,Berawan
31.4,59,1009.8,9.5,44,0.0,Cerah
30.5,60,1011.0,21.5,352,2.1,Berawan
29.1,55,1012.8,28.5,339,0.6,Berawan
22.4,59,1010.8,29.9,35,3.7,Berawan
20.9,59,1005.3,12.8,184,0.0,Cerah
24.2,56,1010.9,12.5,24,0.0,Cerah
31.1,80,1005.5,16.0,325,1.3,Berawan
26.1,91,1005.0,18.6,187,2.8,Berawan
17.7,93,1010.1,7.8,161,3.1,Berawan
24.0,94,1012.7,27.9,88,4.3,Berawan
16.1,87,1008.3,26.4,46,0.6,Berawan
28.6,64,1009.1,29.3,354,0.6,Berawan
16.8,84,1006.6,29.3,262,2.5,Berawan
31.6,97,1010.4,20.1,238,4.6,Berawan
31.1,96,1012.2,4.4,73,3.7,Berawan
24.6,68,1008.0,23.1,281,4.1,Berawan
28.9,59,1010.0,15.0,47,0.0,Cerah
30.4,63,1007.9,25.5,36,0.6,Berawan
29.6,67,1011.1,16.2,64,0.0,Cerah
25.0,70,1008.9,10.1,208,0.0,Cerah
28.4,66,1010.3,15.2,127,0.0,Cerah
18.3,67,1004.6,28.3,281,1.0,Berawan
22.4,78,1007.2,4.0,324,1.9,Berawan
32.0,63,1007.9,17.2,208,0.0,Cerah
24.2,89,1006.9,13.7,308,1.1,Berawan
20.9,71,1009.8,5.5,263,0.0,Cerah
26.7,93,1010.6,3.4,135,4.8,Berawan
21.0,77,1009.3,24.6,341,2.7,Berawan
20.6,92,1009.5,8.8,140,3.0,Berawan
24.3,57,1009.2,7.9,164,0.0,Cerah
24.0,95,1011.9,22.2,89,3.9,Berawan
17.3,56,1004.7,6.2,201,0.0,Cerah
24.9,61,1005.3,18.9,343,0.3,Berawan
17.9,74,1007.5,25.5,344,3.8,Berawan
21.3,65,1006.6,15.6,234,0.0,Cerah
22.7,67,1009.6,23.9,3,3.5,Berawan
18.6,78,1005.9,27.4,350,1.2,Berawan
16.2,73,1011.5,25.6,191,2.8,Berawan
25.7,88,1010.2,26.8,105,0.2,Berawan
17.9,73,1011.8,3.1,223,0.0,Cerah
19.1,72,1006.3,22.4,275,1.8,Berawan
27.1,78,1005.6,15.1,190,1.8,Berawan
18.8,90,1007.8,8.0,262,47.1,Hujan
26.2,94,1004.1,23.6,310,3.9,Berawan
17.3,85,1012.9,9.0,259,0.2,Berawan
22.4,56,1004.4,19.6,354,0.7,Berawan
23.2,61,1004.6,23.0,145,0.7,Berawan
29.0,67,1010.3,10.6,20,0.0,Cerah
17.5,74,1004.8,28.4,43,3.9,Berawan
30.4,89,1012.6,17.4,165,3.4,Berawan
30.2,80,1011.7,6.9,189,3.6,Berawan
20.7,87,1007.1,19.2,200,11.9,Hujan
21.6,59,1006.3,21.3,322,4.3,Berawan
31.5,65,1006.4,14.7,252,0.0,Cerah
26.8,74,1007.6,20.0,191,2.4,Berawan
29.3,84,1010.5,25.9,310,2.7,Berawan
23.6,79,1004.2,22.9,209,3.4,Berawan
22.6,78,1012.1,20.2,359,0.4,Berawan
22.6,93,1011.2,11.4,344,1.8,Berawan
26.3,75,1012.1,29.9,131,3.4,Berawan
23.9,62,1009.6,27.9,194,1.8,Berawan
28.3,64,1005.4,17.3,8,0.0,Cerah
26.3,63,1012.2,19.7,250,2.8,Berawan
29.3,77,1005.4,16.2,240,1.9,Berawan
24.4,84,1012.0,15.3,54,0.4,Berawan
17.8,73,1012.1,3.1,232,0.0,Cerah
27.4,60,1008.7,24.0,221,4.6,Berawan
28.6,95,1011.5,16.0,75,4.1,Berawan
26.4,70,1010.3,27.9,116,2.7,Berawan
25.1,84,1004.8,28.7,156,2.9,Berawan
23.2,63,1005.3,19.0,1,1.7,Berawan
29.9,85,1011.5,15.8,211,2.8,Berawan
25.9,72,1005.2,27.2,108,1.5,Berawan
19.6,97,1009.6,25.0,144,3.4,Berawan
17.6,92,1006.2,16.6,122,35.6,Hujan
19.4,83,1009.0,21.8,131,0.3,Berawan
21.7,56,1005.8,10.5,210,0.0,Cerah
21.0,87,1011.3,19.9,15,1.5,Berawan
17.3,83,1013.0,24.1,206,1.2,Berawan
17.2,59,1008.6,23.7,299,2.6,Berawan
25.1,62,1008.5,10.2,95,0.0,Cerah
22.9,68,1010.8,24.4,43,4.4,Berawan
23.2,86,1010.7,29.3,282,0.5,Berawan
30.1,69,1010.5,5.9,269,0.0,Cerah
21.8,80,1011.8,14.4,159,2.9,Berawan
18.1,85,1008.7,11.5,105,4.8,Berawan
16.9,60,1005.4,9.7,57,0.0,Cerah
28.9,93,1007.5,28.3,130,3.2,Berawan
19.9,56,1011.6,4.7,311,0.0,Cerah
26.8,60,1010.9,24.3,315,1.7,Berawan
17.5,88,1011.7,17.9,168,3.8,Berawan
30.6,78,1010.3,3.9,257,1.7,Berawan
22.1,91,1010.3,21.6,160,1.5,Berawan
21.7,70,1007.8,5.7,56,0.0,Cerah
21.1,91,1007.8,15.5,277,22.2,Hujan
31.5,92,1010.8,29.6,323,0.4,Berawan
23.0,67,1007.4,17.5,175,0.0,Cerah
26.9,91,1004.7,13.7,268,1.4,Berawan
17.9,75,1007.6,11.7,71,4.0,Berawan
30.4,94,1010.8,14.0,40,4.8,Berawan
19.3,76,1008.5,7.9,0,1.1,Berawan
26.9,57,1007.4,17.4,340,0.0,Cerah
28.8,85,1012.3,19.5,192,3.1,Berawan
23.9,79,1010.6,29.6,272,3.4,Berawan
28.7,62,1011.9,4.2,309,0.0,Cerah
30.6,92,1012.1,28.8,300,0.4,Berawan
26.0,90,1011.6,13.7,247,4.6,Berawan
21.4,79,1008.2,11.7,256,4.8,Berawan
26.0,74,1005.8,17.1,184,0.0,Cerah
19.7,73,1005.0,13.3,321,0.0,Cerah
28.3,92,1008.0,7.0,144,0.4,Berawan
21.6,89,1009.0,19.1,175,1.7,Berawan
21.2,94,1004.8,26.5,91,41.1,Hujan
23.8,59,1012.9,12.4,356,0.0,Cerah
29.8,69,1005.0,12.2,349,0.0,Cerah
20.8,65,1009.9,13.7,53,0.0,Cerah
26.3,84,1005.5,8.3,226,3.1,Berawan
18.4,70,1005.3,29.9,245,1.0,Berawan
23.4,79,1008.7,11.4,107,3.2,Berawan
30.7,93,1010.6,20.5,89,3.6,Berawan
20.8,65,1005.1,9.4,157,0.0,Cerah
19.6,95,1005.8,17.2,67,40.7,Hujan
25.4,83,1005.7,15.7,31,4.8,Berawan
23.7,80,1004.7,27.7,248,0.9,Berawan
19.2,76,1008.2,19.2,57,0.6,Berawan
27.4,88,1011.3,7.7,34,1.3,Berawan
17.8,81,1007.3,5.9,199,4.8,Berawan
17.4,66,1004.6,16.5,178,0.0,Cerah
18.2,66,1012.4,5.2,6,0.0,Cerah
23.3,76,1008.1,9.3,257,1.8,Berawan
24.3,83,1006.5,15.5,325,2.8,Berawan
25.1,62,1004.2,23.4,90,3.2,Berawan
29.1,75,1010.6,28.4,334,0.8,Berawan
19.8,91,1010.0,12.6,26,2.2,Berawan
23.9,83,1007.6,13.7,166,2.9,Berawan
24.5,63,1010.0,8.1,268,0.0,Cerah
18.4,91,1008.3,16.4,69,2.2,Berawan
18.3,87,1006.9,16.0,5,18.9,Hujan
21.0,80,1005.9,17.5,38,2.9,Berawan
18.0,92,1008.7,28.3,325,4.3,Berawan
19.3,74,1012.2,15.5,140,0.0,Cerah
31.1,56,1010.6,27.2,41,2.3,Berawan
16.8,61,1004.7,12.7,226,0.0,Cerah
30.9,60,1007.0,26.0,215,1.8,Berawan
31.8,62,1004.6,8.4,112,0.0,Cerah
23.2,61,1009.4,25.0,158,0.5,Berawan
23.4,58,1005.6,23.3,173,2.7,Berawan
31.8,64,1004.8,29.4,130,4.6,Berawan
24.2,95,1010.8,25.8,277,0.2,Berawan
20.7,62,1010.3,28.5,326,1.7,Berawan
17.7,60,1010.3,28.8,100,0.9,Berawan
24.5,88,1008.3,4.1,286,3.7,Berawan
31.4,80,1009.1,21.3,162,1.1,Berawan
29.8,59,1007.8,3.8,127,0.0,Cerah
28.4,82,1007.8,16.9,125,0.1,Berawan
22.8,80,1006.2,24.3,192,0.4,Berawan
29.8,55,1007.8,24.1,285,3.1,Berawan
20.9,97,1005.3,20.0,170,47.5,Hujan
16.9,56,1006.8,25.2,143,2.1,Berawan
17.3,86,1004.6,17.8,273,31.0,Hujan
31.1,98,1009.5,3.1,71,2.2,Berawan
22.9,56,1005.8,5.1,335,0.0,Cerah
31.7,89,1005.8,19.3,70,3.9,Berawan
28.3,97,1010.9,24.0,255,1.4,Berawan
28.0,90,1006.1,22.8,56,4.1,Berawan
28.6,92,1008.2,6.3,249,4.2,Berawan
16.3,89,1008.2,28.6,230,0.7,Berawan
16.5,92,1006.9,25.0,134,37.7,Hujan
29.4,69,1004.6,10.4,240,0.0,Cerah
17.7,79,1009.7,7.8,182,3.6,Berawan
17.8,70,1005.0,19.9,75,4.4,Berawan
21.2,70,1007.8,3.2,98,0.0,Cerah
24.5,79,1004.2,20.2,68,2.9,Berawan
18.4,70,1007.4,5.2,234,0.0,Cerah
26.2,61,1012.0,19.1,144,3.2,Berawan
21.0,77,1007.9,20.4,104,3.4,Berawan
17.9,97,1006.6,16.4,312,35.2,Hujan
21.2,61,1009.0,26.4,71,4.3,Berawan
23.9,92,1008.1,8.3,9,1.5,Berawan
23.8,76,1008.9,29.9,65,3.4,Berawan
25.4,90,1006.3,28.9,0,1.9,Berawan
18.3,77,1012.0,25.5,74,4.2,Berawan
23.1,81,1011.9,23.2,73,3.8,Berawan
19.2,89,1011.8,22.5,39,0.4,Berawan
21.1,91,1011.5,9.9,243,1.1,Berawan
16.4,87,1012.9,21.1,184,2.9,Berawan
28.8,97,1004.4,15.5,345,4.5,Berawan
30.5,57,1011.8,27.7,238,1.1,Berawan
18.1,68,1008.4,28.1,172,2.6,Berawan
21.7,58,1008.2,10.5,248,0.0,Cerah
30.9,58,1009.4,7.3,35,0.0,Cerah
20.5,95,1010.9,6.4,293,3.3,Berawan
26.1,95,1010.9,11.3,166,3.7,Berawan
20.8,68,1007.8,16.8,6,0.0,Cerah
22.2,61,1010.2,12.5,343,0.0,Cerah
27.7,64,1009.3,28.5,326,1.3,Berawan
16.8,93,1009.2,6.6,290,0.5,Berawan
24.8,65,1008.8,19.6,247,4.5,Berawan
21.1,81,1011.2,20.7,161,3.5,Berawan
29.5,87,1011.2,4.9,224,0.7,Berawan
22.8,69,1007.1,19.3,284,3.6,Berawan
22.3,63,1008.9,11.3,182,0.0,Cerah
22.2,82,1008.3,15.5,240,2.6,Berawan
17.9,72,1011.4,10.8,239,0.0,Cerah
24.7,98,1004.5,27.3,288,4.6,Berawan
26.6,84,1007.7,13.5,35,1.3,Berawan
23.9,61,1008.8,6.7,132,0.0,Cerah
30.9,67,1005.1,27.0,327,4.7,Berawan
26.8,67,1012.2,26.3,249,3.4,Berawan
22.6,58,1009.0,27.1,81,4.1,Berawan
16.8,72,1006.9,16.6,25,0.0,Cerah
28.7,68,1009.2,12.0,138,0.0,Cerah
28.6,67,1006.7,12.5,161,0.0,Cerah
30.9,82,1006.4,16.9,113,4.2,Berawan
19.6,57,1012.0,18.1,111,0.3,Berawan
21.0,93,1010.3,16.0,98,1.2,Berawan
17.5,63,1004.0,25.1,280,2.1,Berawan
20.8,77,1009.0,21.2,0,4.2,Berawan
27.6,75,1011.3,20.7,107,1.5,Berawan
23.9,86,1011.3,18.7,100,4.3,Berawan
27.5,86,1005.9,28.3,61,2.7,Berawan
19.7,98,1007.3,13.6,324,37.0,Hujan
16.2,92,1004.8,4.4,141,48.8,Hujan
31.5,59,1010.5,5.8,300,0.0,Cerah
17.0,82,1012.3,12.2,25,1.6,Berawan
30.6,65,1008.0,4.6,333,0.0,Cerah
18.6,65,1010.3,22.2,308,3.6,Berawan
26.5,86,1006.7,14.0,322,2.8,Berawan
29.6,95,1009.7,29.6,204,3.2,Berawan
24.0,74,1010.6,15.3,21,0.0,Cerah
27.3,91,1008.6,19.0,155,3.6,Berawan
31.5,83,1013.0,4.0,336,0.3,Berawan
21.4,88,1010.7,20.6,191,0.9,Berawan
30.5,85,1008.6,27.0,135,1.6,Berawan
30.7,83,1006.3,21.7,173,4.5,Berawan
18.7,88,1005.8,6.5,32,22.0,Hujan
21.3,88,1012.8,6.0,17,1.5,Berawan
21.0,91,1006.9,14.3,231,43.5,Hujan
30.3,62,1011.4,20.1,149,2.3,Berawan
25.7,68,1009.4,11.9,8,0.0,Cerah
17.1,74,1013.0,21.8,74,0.6,Berawan
19.1,81,1007.8,9.2,272,4.5,Berawan
17.6,70,1011.0,23.5,318,0.6,Berawan
27.8,95,1006.5,16.0,89,3.2,Berawan
26.9,97,1007.4,23.0,345,4.0,Berawan
17.4,95,1007.0,3.3,236,21.6,Hujan
16.6,89,1007.4,19.2,303,30.9,Hujan
24.2,81,1005.2,8.6,63,3.4,Berawan
30.2,56,1011.5,5.1,104,0.0,Cerah
21.2,87,1011.1,10.9,34,4.0,Berawan
26.7,75,1005.4,16.1,165,1.7,Berawan
21.9,61,1008.5,27.1,6,3.3,Berawan
25.3,79,1010.8,14.2,111,1.6,Berawan
23.2,56,1009.3,26.2,132,3.0,Berawan
17.7,78,1006.0,17.0,34,0.5,Berawan
17.7,96,1011.1,5.7,28,4.2,Berawan
24.7,59,1010.5,26.5,347,2.4,Berawan
19.7,74,1007.0,20.0,186,1.4,Berawan
27.6,95,1011.6,3.4,220,2.4,Berawan
25.7,62,1011.2,10.9,216,0.0,Cerah
27.4,86,1012.9,13.1,347,0.7,Berawan
26.6,86,1004.8,26.5,43,0.6,Berawan
31.3,75,1006.4,14.6,98,0.0,Cerah
17.3,69,1005.1,8.1,249,0.0,Cerah
22.5,77,1009.4,14.6,352,0.5,Berawan
20.2,58,1007.3,26.8,45,2.5,Berawan
27.3,98,1004.8,16.8,314,2.8,Berawan
18.1,88,1013.0,25.7,37,1.4,Berawan
31.7,84,1005.4,17.9,322,2.5,Berawan
17.5,84,1008.1,3.3,358,1.0,Berawan
31.8,85,1004.9,13.3,205,4.4,Berawan
30.2,56,1004.5,29.9,8,2.4,Berawan
28.4,65,1008.0,10.4,26,0.0,Cerah
18.3,66,1010.5,12.6,41,0.0,Cerah
22.8,82,1011.1,24.3,343,1.8,Berawan
24.2,90,1011.8,26.0,169,1.6,Berawan
21.5,61,1004.6,16.1,135,0.0,Cerah
31.6,82,1009.7,18.3,192,1.1,Berawan
17.7,64,1006.3,26.4,123,2.4,Berawan
20.0,83,1010.9,21.4,194,1.3,Berawan
30.6,79,1007.6,10.2,314,1.1,Berawan
22.8,78,1004.6,22.6,264,2.5,Berawan
20.4,57,1010.5,15.3,155,0.0,Cerah
20.4,59,1005.6,17.0,323,0.0,Cerah
17.5,94,1004.3,22.5,195,49.7,Hujan
30.9,65,1010.9,21.3,2,4.7,Berawan
17.6,67,1008.7,10.2,122,0.0,Cerah
28.3,97,1010.3,22.9,119,0.4,Berawan
19.0,58,1004.7,6.1,57,0.0,Cerah
16.2,89,1005.3,16.7,3,24.1,Hujan
26.0,71,1011.0,13.5,20,0.0,Cerah
22.6,95,1009.4,27.3,137,4.9,Berawan
16.9,57,1010.4,15.5,3,0.0,Cerah
22.7,69,1008.9,17.4,161,0.0,Cerah
29.6,63,1012.0,19.3,192,4.5,Berawan
16.0,90,1009.6,16.8,64,4.7,Berawan
21.4,76,1007.7,3.6,173,0.7,Berawan
25.5,75,1005.4,4.7,51,1.1,Berawan
24.4,82,1008.0,17.4,124,4.0,Berawan
29.8,90,1004.1,4.0,187,1.8,Berawan
17.6,78,1006.0,27.3,13,4.1,Berawan
21.3,65,1011.8,20.0,195,1.7,Berawan
28.3,56,1004.1,26.0,196,3.0,Berawan
27.3,93,1008.4,22.5,52,4.4,Berawan
27.4,80,1009.8,9.5,206,3.2,Berawan
19.2,83,1007.5,27.0,185,3.7,Berawan
21.6,73,1007.6,24.1,180,4.5,Berawan
29.1,69,1010.8,23.1,173,1.9,Berawan
20.1,57,1008.8,18.9,300,1.6,Berawan
16.4,91,1011.4,13.0,85,2.4,Berawan
16.1,83,1006.4,22.0,300,1.2,Berawan
20.1,82,1012.1,5.1,315,0.2,Berawan
31.7,97,1007.7,7.2,307,4.4,Berawan
31.0,57,1005.3,5.4,211,0.0,Cerah
20.5,75,1011.5,12.6,67,1.6,Berawan
21.7,93,1007.5,19.1,187,27.9,Hujan
25.2,83,1008.2,22.1,81,4.6,Berawan
30.7,57,1009.5,14.4,315,0.0,Cerah
21.7,73,1008.9,6.5,255,0.0,Cerah
20.0,90,1011.5,19.9,13,3.6,Berawan
28.4,81,1010.0,25.9,63,2.4,Berawan
18.5,64,1006.1,24.2,85,0.2,Berawan
18.8,74,1005.8,14.1,84,0.0,Cerah
26.9,70,1012.2,12.3,298,0.0,Cerah
29.7,87,1007.1,18.2,347,0.4,Berawan
23.5,88,1008.8,21.4,85,2.1,Berawan
19.2,64,1005.0,15.1,32,0.0,Cerah
20.2,58,1010.8,16.8,186,0.0,Cerah
26.5,69,1012.3,14.7,66,0.0,Cerah
31.6,94,1011.7,11.2,65,3.5,Berawan
21.4,73,1008.8,25.2,105,3.9,Berawan
27.0,78,1009.4,7.5,73,2.2,Berawan
21.5,97,1009.4,28.8,93,0.6,Berawan
18.3,62,1007.0,16.6,316,0.0,Cerah
29.7,87,1008.6,15.9,59,4.8,Berawan
21.4,75,1009.9,23.0,312,2.7,Berawan
31.7,62,1011.4,11.0,305,0.0,Cerah
24.1,87,1007.6,15.1,332,4.6,Berawan
30.9,56,1009.0,28.5,61,1.6,Berawan
30.8,89,1009.3,9.2,38,0.8,Berawan
24.8,56,1006.7,17.6,345,0.0,Cerah
22.7,59,1004.7,19.2,233,4.8,Berawan
29.5,65,1008.4,22.4,253,2.6,Berawan
30.3,74,1005.7,13.9,125,0.0,Cerah
22.0,84,1012.7,16.9,338,0.2,Berawan
19.1,56,1007.4,7.1,133,0.0,Cerah
29.7,77,1008.3,15.9,163,2.2,Berawan
16.3,61,1010.9,29.6,27,3.9,Berawan
19.1,74,1009.1,4.9,6,0.0,Cerah
30.1,67,1010.8,29.7,289,4.6,Berawan
23.3,59,1011.4,20.4,131,4.4,Berawan
19.9,78,1007.9,3.4,263,3.4,Berawan
16.5,95,1012.6,18.6,252,0.4,Berawan
28.6,87,1006.3,27.5,279,3.8,Berawan
28.3,97,1006.1,20.4,209,2.3,Berawan
19.0,89,1007.2,19.6,206,23.3,Hujan
17.2,58,1005.0,19.4,25,0.9,Berawan
18.7,65,1009.2,10.1,331,0.0,Cerah
27.5,61,1006.0,26.0,144,1.6,Berawan
28.0,66,1004.6,7.0,50,0.0,Cerah
27.0,86,1007.1,14.5,310,2.3,Berawan
16.5,65,1011.6,9.3,21,0.0,Cerah
27.4,65,1009.5,4.9,345,0.0,Cerah
24.1,86,1005.6,11.6,200,3.0,Berawan
18.5,86,1011.4,3.9,63,1.2,Berawan
22.8,85,1012.1,23.6,53,3.3,Berawan
25.8,79,1008.2,20.5,275,2.9,Berawan
26.0,78,1004.2,25.2,133,3.7,Berawan
20.6,78,1012.3,23.8,162,1.6,Berawan
27.7,96,1009.0,5.3,165,3.1,Berawan
23.2,66,1008.8,10.1,350,0.0,Cerah
29.8,68,1007.3,11.6,6,0.0,Cerah
18.7,57,1010.3,13.8,237,0.0,Cerah
26.8,56,1008.2,14.3,211,0.0,Cerah
21.2,88,1009.7,23.2,73,1.3,Berawan
30.9,76,1010.1,24.2,299,2.3,Berawan
28.2,68,1006.8,22.3,69,4.1,Berawan
22.7,79,1009.2,9.4,154,1.5,Berawan
22.5,68,1011.9,12.5,289,0.0,Cerah
22.9,83,1007.7,9.2,94,0.2,Berawan
29.2,67,1010.5,24.7,290,3.2,Berawan
27.7,89,1010.2,3.1,51,1.2,Berawan
24.1,92,1007.4,3.1,291,4.0,Berawan
31.9,68,1006.5,26.8,211,2.1,Berawan
26.7,61,1005.2,26.2,94,2.5,Berawan
24.1,78,1013.0,29.5,100,1.5,Berawan
21.8,69,1007.9,4.9,335,0.0,Cerah
30.2,84,1008.1,12.4,115,1.5,Berawan
29.0,73,1009.6,18.5,315,4.1,Berawan
19.6,95,1011.9,9.5,271,4.3,Berawan
22.3,63,1007.8,16.8,100,0.0,Cerah
16.6,79,1008.2,27.7,268,2.4,Berawan
29.3,76,1004.7,28.1,256,4.7,Berawan
23.5,78,1007.7,13.4,237,1.6,Berawan
19.2,68,1005.7,20.8,226,1.4,Berawan
24.3,63,1006.4,22.5,293,1.7,Berawan
22.3,96,1009.4,21.3,92,0.6,Berawan
27.2,83,1004.9,20.7,217,2.4,Berawan
31.6,87,1005.2,29.7,205,4.9,Berawan
17.5,94,1011.3,26.4,138,2.5,Berawan
29.4,95,1005.2,6.0,30,4.4,Berawan
25.6,93,1011.5,19.1,130,2.7,Berawan
16.3,83,1010.0,21.8,143,3.0,Berawan
18.7,72,1009.4,18.0,160,0.0,Cerah
28.6,72,1009.0,15.0,1,0.0,Cerah
16.3,81,1011.9,25.6,128,3.9,Berawan
30.8,89,1005.0,29.6,259,0.6,Berawan
31.5,73,1011.8,15.0,131,0.0,Cerah
29.9,56,1008.8,10.3,129,0.0,Cerah
18.8,89,1010.0,19.8,2,3.1,Berawan
22.7,58,1012.3,22.7,205,2.9,Berawan
25.7,88,1006.5,7.6,280,1.5,Berawan
27.7,56,1005.5,25.2,188,0.7,Berawan
24.4,67,1009.2,21.2,246,4.4,Berawan
26.4,95,1004.8,9.3,4,1.0,Berawan
31.1,76,1008.3,4.4,15,1.0,Berawan
18.9,82,1006.1,22.5,300,3.2,Berawan
20.2,94,1004.7,15.0,174,34.7,Hujan
30.1,80,1007.6,12.2,249,3.8,Berawan
20.5,79,1007.7,11.1,237,4.1,Berawan
31.9,81,1005.2,7.1,178,2.5,Berawan
20.0,61,1006.8,14.2,356,0.0,Cerah
24.3,82,1004.8,14.9,90,2.5,Berawan
31.8,78,1010.6,3.4,40,2.0,Berawan
30.0,83,1009.8,21.7,257,2.8,Berawan
17.9,75,1011.6,29.3,38,2.2,Berawan
16.5,84,1007.9,25.9,4,0.6,Berawan
27.7,68,1007.4,24.6,92,0.9,Berawan
19.4,80,1007.1,4.6,299,2.9,Berawan
16.0,80,1012.9,26.1,176,3.6,Berawan
20.5,62,1004.1,24.9,223,2.2,Berawan
16.0,92,1005.8,23.5,259,43.3,Hujan
31.4,76,1010.5,6.1,110,4.5,Berawan
26.5,78,1007.2,23.5,342,0.7,Berawan
30.0,77,1013.0,17.7,163,4.6,Berawan
21.7,67,1006.8,23.2,256,1.9,Berawan
16.6,98,1013.0,16.3,260,2.2,Berawan
27.2,57,1005.3,25.2,266,3.1,Berawan
19.5,64,1004.8,29.4,331,2.2,Berawan
28.5,81,1010.0,9.3,283,3.6,Berawan
31.6,70,1010.9,19.7,200,2.6,Berawan
16.2,78,1009.6,7.9,132,0.6,Berawan
16.9,94,1007.4,12.9,29,12.2,Hujan
24.1,56,1009.7,28.1,253,1.9,Berawan
28.4,69,1011.5,4.7,265,0.0,Cerah
24.1,97,1005.8,28.9,156,2.5,Berawan
22.9,59,1007.3,9.7,49,0.0,Cerah
17.7,59,1007.5,16.4,196,0.0,Cerah
21.7,70,1012.0,14.4,152,0.0,Cerah
19.7,72,1004.9,9.0,230,0.0,Cerah
22.6,90,1006.5,20.3,205,44.6,Hujan
30.9,88,1012.3,24.4,334,4.5,Berawan
21.3,75,1005.8,22.8,54,2.5,Berawan
29.5,65,1007.9,26.7,61,0.1,Berawan
29.0,77,1005.7,20.3,184,1.6,Berawan
20.3,92,1006.7,11.8,257,26.2,Hujan
16.4,73,1004.9,8.1,5,0.0,Cerah
22.4,81,1005.9,20.1,102,0.5,Berawan
20.6,87,1004.5,22.9,141,28.4,Hujan
18.1,70,1004.6,19.6,194,0.4,Berawan
29.3,61,1005.9,26.8,286,1.3,Berawan
21.9,75,1006.5,7.5,346,1.7,Berawan
29.2,83,1004.9,11.5,303,0.8,Berawan
17.2,59,1004.2,26.6,333,2.2,Berawan
16.9,56,1010.7,27.5,319,2.1,Berawan
18.6,58,1006.5,13.5,195,0.0,Cerah
22.5,74,1006.9,16.3,58,0.0,Cerah
30.0,93,1012.9,13.6,182,0.3,Berawan
23.1,92,1005.7,13.4,64,20.6,Hujan
24.3,78,1009.3,8.2,171,4.1,Berawan
25.1,81,1010.3,16.4,158,3.4,Berawan
26.9,58,1006.9,14.6,56,0.0,Cerah
30.7,78,1012.6,29.0,224,1.8,Berawan
18.3,59,1010.2,10.4,321,0.0,Cerah
30.9,67,1012.9,5.6,301,0.0,Cerah
28.8,83,1005.7,23.5,34,2.2,Berawan
30.1,55,1010.5,20.7,334,2.0,Berawan
20.7,71,1007.7,25.8,257,0.8,Berawan
17.9,87,1006.5,4.1,312,48.3,Hujan
21.2,64,1010.3,19.4,59,0.3,Berawan
30.1,91,1005.0,6.3,209,3.4,Berawan
20.1,70,1005.9,3.8,339,0.0,Cerah
17.3,64,1007.6,21.2,230,3.6,Berawan
19.0,59,1006.3,23.7,155,3.4,Berawan
31.1,84,1011.5,16.1,146,0.3,Berawan
22.2,62,1008.8,26.0,319,2.0,Berawan
24.1,79,1009.9,7.0,310,1.4,Berawan
31.6,92,1010.3,26.1,109,1.9,Berawan
28.7,95,1007.4,22.5,156,4.5,Berawan
26.3,56,1005.9,29.7,317,3.8,Berawan
16.4,81,1007.3,19.5,286,2.9,Berawan
20.5,82,1011.1,9.6,243,1.5,Berawan
21.8,60,1010.5,20.1,26,0.7,Berawan
28.2,82,1004.8,13.1,270,4.0,Berawan
16.2,74,1011.2,9.3,295,0.0,Cerah
23.4,77,1008.7,24.8,234,4.6,Berawan
26.2,88,1007.6,5.0,336,4.8,Berawan
24.3,85,1004.4,20.6,347,4.6,Berawan
27.5,58,1009.7,22.9,198,4.3,Berawan
17.5,93,1012.9,24.5,144,2.2,Berawan
26.6,72,1005.2,8.5,185,0.0,Cerah
26.0,66,1009.4,12.7,96,0.0,Cerah
31.8,90,1004.7,12.7,22,4.8,Berawan
19.3,68,1012.4,6.2,188,0.0,Cerah
18.6,88,1009.9,20.3,95,4.9,Berawan
27.6,76,1006.3,19.5,211,0.9,Berawan
26.5,64,1009.4,22.4,19,3.8,Berawan
16.7,56,1007.7,13.1,228,0.0,Cerah
26.0,75,1010.2,26.3,347,2.5,Berawan
24.0,57,1009.4,28.8,186,3.1,Berawan
19.0,85,1010.8,13.7,84,0.6,Berawan
17.5,85,1011.1,13.2,102,1.3,Berawan
29.0,68,1011.0,4.8,135,0.0,Cerah
25.6,59,1009.9,4.7,194,0.0,Cerah
26.0,96,1011.8,9.4,61,4.4,Berawan
21.1,58,1004.5,25.1,243,3.3,Berawan
19.8,83,1009.6,8.9,187,0.6,Berawan
25.5,65,1010.5,27.6,124,0.5,Berawan
29.5,76,1007.1,12.0,331,2.2,Berawan
19.0,89,1012.5,15.2,279,4.8,Berawan
28.9,84,1012.9,6.0,174,1.2,Berawan
25.3,63,1006.3,4.5,36,0.0,Cerah
23.7,90,1006.9,17.3,84,22.3,Hujan
20.6,89,1005.1,14.2,189,29.9,Hujan
31.2,85,1008.7,14.3,284,2.6,Berawan
29.3,98,1004.7,24.2,120,4.2,Berawan
24.4,82,1012.7,21.4,270,3.3,Berawan
20.2,98,1009.0,7.6,353,4.1,Berawan
28.9,73,1005.3,6.5,142,0.0,Cerah
20.2,84,1009.5,26.0,36,3.5,Berawan
19.1,77,1012.0,19.5,142,1.3,Berawan
16.9,97,1012.1,22.9,77,1.6,Berawan
18.1,74,1011.2,8.9,202,0.0,Cerah
19.7,78,1004.6,11.3,251,2.7,Berawan
26.2,59,1004.5,12.7,59,0.0,Cerah
25.7,90,1009.4,22.8,241,3.8,Berawan
21.6,69,1010.3,11.8,272,0.0,Cerah
20.4,81,1008.2,11.7,44,2.1,Berawan
31.4,79,1006.0,20.8,28,1.5,Berawan
24.0,63,1009.7,17.8,141,0.0,Cerah
26.9,59,1005.1,24.9,206,2.3,Berawan
28.6,64,1012.4,30.0,206,2.7,Berawan
24.4,96,1010.7,5.0,162,1.5,Berawan
27.4,94,1004.8,7.2,121,4.2,Berawan
25.1,56,1004.5,22.6,282,2.2,Berawan
24.8,71,1004.6,12.3,23,0.0,Cerah
24.5,97,1008.6,29.7,274,4.1,Berawan
30.8,70,1006.3,14.9,221,0.0,Cerah
27.0,60,1007.9,22.8,79,3.9,Berawan
18.1,86,1007.9,21.2,232,27.7,Hujan
29.0,92,1007.3,5.7,205,4.3,Berawan
24.4,69,1006.4,13.3,22,0.0,Cerah
23.2,67,1012.8,10.0,344,0.0,Cerah
31.3,79,1006.2,28.2,133,4.5,Berawan
20.3,95,1007.7,13.6,232,44.7,Hujan
27.3,58,1008.7,14.6,350,0.0,Cerah
24.0,79,1004.7,25.1,215,2.0,Berawan
25.5,79,1008.8,21.7,94,4.2,Berawan
22.1,82,1007.9,13.8,66,2.3,Berawan
25.4,57,1004.6,19.1,307,0.6,Berawan
16.1,63,1005.9,8.0,8,0.0,Cerah
26.4,71,1013.0,26.1,321,3.6,Berawan
19.6,73,1007.1,8.4,100,0.0,Cerah
28.8,91,1009.4,22.2,35,4.3,Berawan
31.1,56,1004.4,12.9,138,0.0,Cerah
29.9,68,1012.7,23.9,244,0.9,Berawan
25.5,63,1008.4,10.0,116,0.0,Cerah
17.5,78,1005.7,17.5,318,3.4,Berawan
31.4,85,1004.2,14.2,204,0.5,Berawan
19.7,89,1005.8,28.9,142,34.5,Hujan
22.0,85,1011.7,3.1,164,3.8,Berawan
28.1,65,1007.1,5.9,52,0.0,Cerah
25.7,56,1007.5,17.9,89,0.0,Cerah
25.8,56,1008.0,23.0,247,3.5,Berawan
16.5,88,1006.9,27.4,137,42.4,Hujan
19.1,62,1008.8,10.5,221,0.0,Cerah
16.7,66,1008.3,14.7,223,0.0,Cerah
29.7,93,1004.0,9.3,114,2.8,Berawan
16.7,97,1008.2,12.6,189,3.2,Berawan
22.6,80,1010.5,4.3,32,0.6,Berawan
20.7,94,1006.5,21.0,271,48.7,Hujan
22.4,89,1010.6,19.6,311,2.7,Berawan
25.8,76,1004.9,15.2,162,0.5,Berawan
27.9,83,1012.0,19.3,248,4.1,Berawan
30.5,69,1009.5,21.7,217,3.2,Berawan
17.8,96,1011.1,19.2,110,4.9,Berawan
21.4,91,1004.3,16.8,120,17.4,Hujan
22.0,83,1007.3,5.0,239,3.1,Berawan
31.3,84,1008.5,16.0,79,0.3,Berawan
18.9,97,1007.0,26.5,85,39.5,Hujan
29.1,58,1011.9,24.8,192,1.6,Berawan
25.1,60,1011.8,17.9,45,0.0,Cerah
27.4,67,1012.5,15.2,5,0.0,Cerah
29.2,93,1011.0,8.9,36,3.3,Berawan
21.3,84,1004.1,18.6,26,1.6,Berawan
24.9,69,1011.4,5.9,18,0.0,Cerah
22.5,95,1005.7,13.7,33,25.4,Hujan
16.5,96,1009.3,27.5,300,0.9,Berawan
16.5,82,1004.1,7.4,4,2.2,Berawan
19.7,88,1008.9,4.3,356,0.2,Berawan
19.7,77,1006.2,17.7,208,0.3,Berawan
24.1,73,1012.3,18.9,303,1.0,Berawan
30.9,96,1011.1,23.4,74,1.7,Berawan
22.0,74,1010.7,4.0,58,0.0,Cerah
23.6,84,1004.5,5.2,24,4.8,Berawan
22.2,60,1009.9,20.0,75,2.8,Berawan
24.8,58,1007.8,22.7,197,1.5,Berawan
30.3,82,1010.9,15.2,273,0.3,Berawan
21.0,64,1011.2,14.3,29,0.0,Cerah
29.8,90,1011.4,5.3,341,3.9,Berawan
20.1,58,1004.7,8.9,49,0.0,Cerah
23.2,81,1009.3,8.0,96,3.6,Berawan
31.0,90,1006.2,20.7,325,0.5,Berawan
16.7,60,1007.8,28.4,289,2.6,Berawan
26.6,92,1011.2,18.5,171,0.1,Berawan
28.7,57,1011.7,25.6,206,3.5,Berawan
19.0,81,1011.4,21.7,163,3.8,Berawan
25.4,97,1006.5,14.4,183,0.4,Berawan
25.7,74,1008.5,29.3,123,4.6,Berawan
27.5,66,1007.5,13.2,359,0.0,Cerah
26.7,65,1004.4,23.0,121,3.8,Berawan
25.2,67,1005.7,28.3,209,3.7,Berawan
23.1,57,1012.2,23.3,92,2.1,Berawan
26.5,97,1008.5,17.9,104,2.7,Berawan
18.0,65,1009.3,22.1,275,2.4,Berawan
20.5,79,1011.1,9.9,216,2.1,Berawan
16.7,62,1005.7,7.5,215,0.0,Cerah
18.0,91,1011.2,5.5,247,2.1,Berawan
23.3,86,1004.8,19.7,224,37.5,Hujan
20.6,63,1008.8,26.1,187,4.0,Berawan
29.7,85,1007.2,19.2,226,4.7,Berawan
30.5,74,1006.1,26.2,341,2.0,Berawan
26.6,70,1012.7,9.4,37,0.0,Cerah
21.3,83,1008.7,21.2,253,2.9,Berawan
30.8,77,1007.1,23.4,351,4.6,Berawan
16.7,59,1006.8,7.5,157,0.0,Cerah
24.5,70,1005.5,18.4,149,2.5,Berawan
30.6,74,1004.2,16.8,102,0.0,Cerah
23.6,77,1005.1,15.5,108,2.7,Berawan
20.2,93,1011.1,12.3,44,2.4,Berawan
21.4,93,1010.7,9.8,175,4.5,Berawan
27.5,58,1005.2,21.4,17,4.6,Berawan
31.6,59,1005.0,13.8,223,0.0,Cerah
19.7,71,1010.0,3.9,319,0.0,Cerah
18.0,78,1005.7,13.7,296,2.1,Berawan
30.5,65,1006.6,11.2,85,0.0,Cerah
23.6,70,1008.5,9.2,28,0.0,Cerah
18.3,93,1011.5,16.6,354,0.3,Berawan
29.4,68,1005.0,23.3,139,1.9,Berawan
22.3,64,1006.4,15.3,335,0.0,Cerah
30.6,62,1012.2,3.2,74,0.0,Cerah
29.6,72,1009.4,16.5,267,0.0,Cerah
29.7,65,1008.7,22.3,61,2.2,Berawan
16.7,64,1007.9,8.1,256,0.0,Cerah
17.1,57,1012.1,11.5,168,0.0,Cerah
24.1,94,1012.1,7.3,234,0.5,Berawan
18.7,73,1010.2,12.0,191,0.0,Cerah
29.0,71,1006.9,22.2,23,2.0,Berawan
30.7,73,1010.2,11.1,235,0.0,Cerah
19.8,77,1009.2,18.1,151,3.0,Berawan
19.8,62,1008.4,14.3,82,0.0,Cerah
16.5,93,1008.9,19.2,64,1.2,Berawan
26.1,70,1006.0,8.3,91,0.0,Cerah
28.3,57,1008.4,25.3,91,1.5,Berawan
26.7,71,1004.6,19.3,137,2.7,Berawan
18.6,97,1012.2,19.1,147,1.5,Berawan
27.6,92,1007.4,29.0,129,1.1,Berawan
28.0,96,1004.7,11.3,327,2.6,Berawan
26.5,86,1004.7,7.0,312,3.1,Berawan
17.4,63,1008.4,14.5,3,0.0,Cerah
30.0,80,1012.2,15.1,30,0.5,Berawan
25.2,66,1011.7,27.1,177,4.6,Berawan
25.7,56,1009.9,25.9,133,4.7,Berawan
19.1,57,1007.5,13.8,164,0.0,Cerah
19.4,76,1005.2,9.9,227,3.9,Berawan
28.4,60,1006.3,22.1,117,4.0,Berawan
30.4,55,1007.4,25.9,141,4.2,Berawan
16.1,89,1004.1,12.0,77,41.3,Hujan
18.2,62,1009.9,18.3,235,4.7,Berawan
25.7,57,1004.7,5.9,343,0.0,Cerah
19.1,84,1011.5,7.0,15,4.1,Berawan
22.5,81,1008.0,6.6,224,1.1,Berawan
26.1,69,1004.1,14.3,201,0.0,Cerah
21.0,80,1006.4,5.4,273,4.1,Berawan
21.7,75,1005.6,4.0,77,3.4,Berawan
30.1,74,1009.5,26.2,155,4.5,Berawan
31.4,65,1007.3,21.8,31,2.9,Berawan
25.5,58,1009.7,3.0,300,0.0,Cerah
27.3,66,1011.3,3.3,205,0.0,Cerah
28.1,78,1007.7,12.6,99,0.2,Berawan
20.6,73,1012.1,4.5,194,0.0,Cerah
25.1,57,1011.3,10.9,276,0.0,Cerah
29.1,98,1012.4,20.1,34,3.3,Berawan
23.1,91,1004.2,21.9,160,36.8,Hujan
27.4,57,1011.5,5.8,311,0.0,Cerah
28.9,80,1005.9,25.1,15,1.1,Berawan
19.1,78,1008.0,23.7,75,4.2,Berawan
25.7,93,1012.2,21.2,313,1.6,Berawan
29.3,98,1005.5,20.3,224,4.6,Berawan
19.3,90,1005.0,4.4,313,12.5,Hujan
25.9,81,1010.5,6.0,335,3.8,Berawan
27.2,90,1006.5,28.0,118,2.5,Berawan
26.3,60,1004.6,12.7,318,0.0,Cerah
29.2,80,1012.0,5.9,26,4.0,Berawan
27.5,81,1010.7,19.4,15,3.8,Berawan
16.8,97,1009.1,4.5,289,2.2,Berawan
18.0,67,1010.1,12.4,100,0.0,Cerah
20.9,83,1008.0,25.6,88,4.4,Berawan
21.2,91,1005.5,16.7,196,13.5,Hujan
22.5,84,1012.7,27.8,85,0.7,Berawan
20.7,55,1008.4,12.9,227,0.0,Cerah
20.1,97,1004.7,9.7,282,36.6,Hujan
19.3,79,1009.6,13.0,252,3.8,Berawan
24.5,79,1008.9,10.0,258,2.2,Berawan
23.3,73,1009.1,8.8,237,0.0,Cerah
17.8,74,1009.6,29.2,49,3.6,Berawan
20.6,74,1010.9,12.0,312,0.0,Cerah
29.8,92,1012.7,8.4,236,2.7,Berawan
30.1,78,1010.4,18.4,250,2.5,Berawan
28.3,72,1004.7,4.7,39,0.0,Cerah
26.9,85,1007.2,17.2,53,3.1,Berawan
21.7,79,1006.8,18.9,311,0.7,Berawan
23.5,65,1010.4,23.4,211,4.1,Berawan
23.4,78,1012.5,12.8,229,0.8,Berawan
18.8,85,1012.8,9.8,272,2.2,Berawan
24.4,80,1009.3,13.9,206,1.2,Berawan
27.6,58,1009.2,3.7,110,0.0,Cerah
17.3,64,1012.5,23.6,52,3.5,Berawan
23.8,71,1008.4,28.1,174,0.4,Berawan
29.7,96,1012.7,22.7,298,0.9,Berawan
31.6,68,1012.9,7.8,224,0.0,Cerah
18.2,88,1012.1,10.6,287,0.6,Berawan
24.9,96,1007.5,14.8,121,0.7,Berawan
18.6,60,1005.7,16.7,87,0.0,Cerah
26.0,92,1006.0,25.6,68,3.1,Berawan
28.8,68,1008.7,19.7,253,2.6,Berawan
23.5,78,1005.6,18.2,229,4.2,Berawan
25.5,71,1010.3,29.0,132,4.5,Berawan
29.0,69,1011.5,19.9,21,2.8,Berawan
20.4,94,1005.0,27.9,344,25.1,Hujan
24.8,98,1010.1,5.4,123,0.6,Berawan
31.4,68,1012.5,27.6,259,3.2,Berawan
21.2,82,1012.5,9.0,256,0.6,Berawan
20.1,82,1011.3,6.4,176,0.7,Berawan
25.5,63,1009.1,17.6,116,0.0,Cerah
31.0,85,1006.5,22.4,73,3.2,Berawan
17.2,59,1004.3,21.1,199,1.3,Berawan
24.3,68,1009.7,21.0,5,3.9,Berawan
24.5,56,1007.3,25.9,107,3.6,Berawan
23.4,55,1006.8,11.9,330,0.0,Cerah
19.8,87,1007.9,19.4,157,22.2,Hujan
16.2,89,1005.3,23.2,220,32.0,Hujan
18.2,62,1008.8,21.9,275,3.9,Berawan
26.0,69,1005.6,17.2,179,0.0,Cerah
31.6,93,1008.6,11.1,233,4.1,Berawan
19.0,92,1006.1,21.9,143,13.5,Hujan
24.9,97,1005.0,24.4,278,4.4,Berawan
16.7,67,1012.5,24.6,99,2.9,Berawan
29.4,65,1006.5,25.3,298,0.9,Berawan
19.6,61,1012.2,20.0,134,0.6,Berawan
30.0,86,1006.0,14.8,266,1.3,Berawan
30.9,56,1008.4,23.4,277,1.0,Berawan
24.2,84,1011.5,16.0,81,1.9,Berawan
18.4,63,1006.4,24.6,14,2.5,Berawan
30.8,72,1007.4,18.0,343,0.0,Cerah
28.8,60,1009.0,10.7,309,0.0,Cerah
27.7,64,1008.1,24.2,342,2.0,Berawan
30.2,93,1005.0,5.8,124,3.9,Berawan
28.5,63,1009.8,22.0,175,1.1,Berawan
30.5,91,1004.2,16.2,275,2.2,Berawan
29.1,60,1008.4,28.7,173,4.1,Berawan
18.1,86,1009.0,8.5,334,3.9,Berawan
20.7,78,1006.7,22.9,85,2.8,Berawan
19.6,60,1007.5,12.0,139,0.0,Cerah
19.9,74,1006.3,26.6,297,3.6,Berawan
30.9,69,1006.5,19.9,210,4.4,Berawan
16.2,73,1007.7,13.8,86,0.0,Cerah
28.9,88,1011.2,18.6,15,3.5,Berawan
21.0,80,1011.6,25.2,55,2.3,Berawan
24.6,65,1007.6,26.2,357,3.6,Berawan
22.0,92,1012.0,23.6,134,4.0,Berawan
29.8,89,1011.1,9.7,187,1.5,Berawan
17.5,98,1006.0,23.1,112,14.9,Hujan
25.1,73,1007.9,16.9,7,0.0,Cerah
22.3,83,1008.6,5.3,221,2.3,Berawan
20.0,81,1011.8,9.0,341,1.3,Berawan
23.8,86,1009.5,13.1,150,3.8,Berawan
17.3,71,1010.0,18.1,37,3.5,Berawan
25.2,77,1009.3,28.3,206,1.8,Berawan
23.9,76,1009.1,28.1,33,0.1,Berawan
16.4,97,1011.9,18.3,335,1.3,Berawan
21.6,97,1008.1,21.4,128,1.6,Berawan
24.1,93,1009.8,25.0,195,2.0,Berawan
23.8,72,1012.0,16.7,223,0.0,Cerah
26.0,58,1009.0,10.0,68,0.0,Cerah
22.6,86,1009.2,21.3,36,1.3,Berawan
19.7,85,1008.5,29.1,225,2.6,Berawan
26.1,55,1005.5,23.5,110,1.7,Berawan
21.2,91,1011.3,19.6,117,3.4,Berawan
31.8,87,1007.9,23.5,116,2.8,Berawan
26.8,90,1010.8,24.2,56,0.7,Berawan
16.6,97,1010.9,18.6,188,3.9,Berawan
30.2,95,1006.3,8.0,282,2.2,Berawan
17.7,90,1011.2,25.3,280,1.6,Berawan
18.8,61,1007.9,5.9,168,0.0,Cerah
31.6,61,1010.6,25.1,126,1.7,Berawan
26.0,96,1011.2,16.3,44,2.9,Berawan
19.2,82,1009.2,23.4,263,1.8,Berawan
29.5,80,1006.7,7.7,296,3.8,Berawan
26.9,97,1009.8,27.7,236,2.1,Berawan
20.6,62,1005.6,18.2,96,1.4,Berawan
22.8,81,1012.4,20.8,312,1.2,Berawan
23.5,79,1009.2,6.3,168,4.8,Berawan
18.5,63,1010.1,17.2,268,0.0,Cerah
19.8,91,1012.0,20.5,82,4.4,Berawan
18.8,56,1010.3,22.7,323,3.4,Berawan
24.9,90,1009.6,28.3,230,3.8,Berawan
27.6,60,1012.9,3.5,270,0.0,Cerah
22.3,66,1012.8,28.9,122,3.6,Berawan
25.4,58,1004.1,3.4,312,0.0,Cerah
16.3,56,1011.6,23.1,202,4.7,Berawan
27.1,98,1004.2,16.1,224,0.6,Berawan
20.8,56,1011.1,16.8,106,0.0,Cerah
17.9,59,1008.7,21.7,108,0.7,Berawan
23.5,92,1008.0,9.2,274,48.6,Hujan
30.0,94,1008.1,17.5,72,1.1,Berawan
17.3,67,1005.6,7.8,263,0.0,Cerah
23.2,68,1008.9,15.1,307,0.0,Cerah
23.9,77,1011.8,14.6,129,1.9,Berawan
19.4,58,1007.5,12.1,192,0.0,Cerah
23.5,72,1009.1,16.0,106,0.0,Cerah
24.5,72,1010.0,3.3,126,0.0,Cerah
25.5,71,1004.5,11.6,218,0.0,Cerah
25.2,89,1004.5,28.6,223,2.7,Berawan
20.9,72,1012.5,27.4,76,3.1,Berawan
26.5,94,1005.1,11.5,303,3.1,Berawan
24.0,72,1005.8,24.1,132,3.0,Berawan
30.7,61,1005.3,18.5,231,3.5,Berawan
